-- phpMyAdmin SQL Dump
-- version 5.0.2
-- https://www.phpmyadmin.net/
--
-- Máy chủ: localhost:3306
-- Thời gian đã tạo: Th8 16, 2020 lúc 07:40 PM
-- Phiên bản máy phục vụ: 5.7.24
-- Phiên bản PHP: 7.2.19

SET SQL_MODE = "NO_AUTO_VALUE_ON_ZERO";
START TRANSACTION;
SET time_zone = "+00:00";


/*!40101 SET @OLD_CHARACTER_SET_CLIENT=@@CHARACTER_SET_CLIENT */;
/*!40101 SET @OLD_CHARACTER_SET_RESULTS=@@CHARACTER_SET_RESULTS */;
/*!40101 SET @OLD_COLLATION_CONNECTION=@@COLLATION_CONNECTION */;
/*!40101 SET NAMES utf8mb4 */;

--
-- Cơ sở dữ liệu: `qltt`
--

-- --------------------------------------------------------

--
-- Cấu trúc bảng cho bảng `categories`
--

CREATE TABLE `categories` (
  `CID` int(11) UNSIGNED NOT NULL,
  `CName` varchar(50) COLLATE utf8_unicode_ci NOT NULL,
  `Xoa` int(1) DEFAULT '0'
) ENGINE=InnoDB DEFAULT CHARSET=utf8 COLLATE=utf8_unicode_ci;

--
-- Đang đổ dữ liệu cho bảng `categories`
--

INSERT INTO `categories` (`CID`, `CName`, `Xoa`) VALUES
(1, 'Xã hội', 0),
(3, 'Văn hóa ', 0),
(4, 'Kinh tế', 0),
(5, 'Giáo dục', 0),
(6, 'Thể thao', 0),
(7, 'Giải trí', 0),
(8, 'Pháp luật', 0),
(9, 'Công nghệ', 0),
(11, 'Đời sống', 0),
(13, 'Nhà đất', 0);

-- --------------------------------------------------------

--
-- Cấu trúc bảng cho bảng `categorymanager`
--

CREATE TABLE `categorymanager` (
  `UserID` int(11) DEFAULT NULL,
  `CID` int(11) DEFAULT NULL
) ENGINE=InnoDB DEFAULT CHARSET=utf8 COLLATE=utf8_unicode_ci;

--
-- Đang đổ dữ liệu cho bảng `categorymanager`
--

INSERT INTO `categorymanager` (`UserID`, `CID`) VALUES
(2, 1),
(2, 4),
(2, 8),
(2, 9),
(5, 5),
(5, 3),
(5, 6),
(5, 7),
(5, 11),
(5, 13);

-- --------------------------------------------------------

--
-- Cấu trúc bảng cho bảng `comment`
--

CREATE TABLE `comment` (
  `ComID` int(11) NOT NULL,
  `UID` int(11) DEFAULT NULL,
  `PostID` int(11) DEFAULT NULL,
  `Comment` varchar(500) COLLATE utf8_unicode_ci DEFAULT NULL,
  `Date` datetime DEFAULT NULL,
  `solike` int(11) DEFAULT '0'
) ENGINE=InnoDB DEFAULT CHARSET=utf8 COLLATE=utf8_unicode_ci;

--
-- Đang đổ dữ liệu cho bảng `comment`
--

INSERT INTO `comment` (`ComID`, `UID`, `PostID`, `Comment`, `Date`, `solike`) VALUES
(1, 1, 2, 'Binh luan ne :D ', '2020-08-11 22:45:02', 0),
(2, 1, 2, 'HIhi', '2020-08-11 22:45:08', 0),
(3, 4, 2, 'Tin hay the nhi :D ', '2020-08-11 22:45:23', 0);

-- --------------------------------------------------------

--
-- Cấu trúc bảng cho bảng `commentlike`
--

CREATE TABLE `commentlike` (
  `CLID` int(11) NOT NULL,
  `ComID` int(11) DEFAULT NULL,
  `UID` int(11) DEFAULT NULL
) ENGINE=InnoDB DEFAULT CHARSET=utf8 COLLATE=utf8_unicode_ci;

-- --------------------------------------------------------

--
-- Cấu trúc bảng cho bảng `posts`
--

CREATE TABLE `posts` (
  `PostID` int(11) NOT NULL,
  `PostTitle` varchar(500) COLLATE utf8_unicode_ci NOT NULL,
  `CID` int(11) NOT NULL,
  `SCID` int(11) DEFAULT NULL,
  `UID` int(11) NOT NULL,
  `TimePost` datetime NOT NULL,
  `SumContent` text COLLATE utf8_unicode_ci NOT NULL,
  `Content` longtext COLLATE utf8_unicode_ci NOT NULL,
  `source` varchar(200) COLLATE utf8_unicode_ci NOT NULL,
  `linksource` varchar(200) COLLATE utf8_unicode_ci NOT NULL,
  `view` bigint(20) NOT NULL DEFAULT '0',
  `Duyet` int(1) NOT NULL DEFAULT '0',
  `StatusPost` varchar(200) COLLATE utf8_unicode_ci NOT NULL DEFAULT 'Chưa được duyệt',
  `Reason` varchar(500) COLLATE utf8_unicode_ci DEFAULT NULL,
  `TimePublic` datetime DEFAULT NULL,
  `Premium` int(11) NOT NULL DEFAULT '0',
  `xoa` int(1) NOT NULL DEFAULT '0'
) ENGINE=InnoDB DEFAULT CHARSET=utf8 COLLATE=utf8_unicode_ci;

--
-- Đang đổ dữ liệu cho bảng `posts`
--

INSERT INTO `posts` (`PostID`, `PostTitle`, `CID`, `SCID`, `UID`, `TimePost`, `SumContent`, `Content`, `source`, `linksource`, `view`, `Duyet`, `StatusPost`, `Reason`, `TimePublic`, `Premium`, `xoa`) VALUES
(2, '20.000 tài xế vi phạm nồng độ cồn trong 1 tháng', 1, 2, 4, '2020-08-05 16:52:20', 'Trong số hơn 400.000 tài xế vi phạm, 20.120 người bị phạt lỗi nồng độ cồn trong 1 tháng tổng kiểm soát phương tiện giao thông đường bộ.', '<p>Cục CSGT (Bộ C&ocirc;ng an) cho biết sau 1 th&aacute;ng ra qu&acirc;n tổng kiểm so&aacute;t phương tiện giao th&ocirc;ng đường bộ (15/5-14/6), CSGT cả nước xử l&yacute; hơn 400.000 trường hợp vi phạm, tước hơn 27.000 bằng l&aacute;i, tạm giữ tr&ecirc;n 61.000 xe cộ.</p>\r\n<p>So với thời gian liền kề trước khi thực hiện kế hoạch, số vi phạm tăng 73.379 lượt. Trong đ&oacute;, vi phạm chủ yếu l&agrave; kh&ocirc;ng đội mũ bảo hiểm, đi v&agrave;o đường cấm, vi phạm tốc độ. Đặc biệt, c&oacute; 20.120 t&agrave;i xế vi phạm nồng độ cồn. Ngo&agrave;i ra, cơ quan chức năng ph&aacute;t hiện 276 t&agrave;i xế xe container, &ocirc;t&ocirc; kh&aacute;ch, xe m&aacute;y vi phạm li&ecirc;n quan tới ma t&uacute;y.</p>\r\n<p>Về trật tự an to&agrave;n giao th&ocirc;ng, trong 6 th&aacute;ng đầu năm 2020, cả nước xảy ra 6.781 vụ tai nạn, l&agrave;m 3.235 người chết, 4.939 người bị thương. So với c&ugrave;ng kỳ, tai nạn giao th&ocirc;ng giảm 19%, số người chết giảm 15% v&agrave; số người bị thương giảm 22%.</p>\r\n<table class=\"picture\" align=\"center\">\r\n<tbody>\r\n<tr>\r\n<td class=\"pic\"><img title=\"Tổng kiểm so&aacute;t phương tiện ảnh 1\" src=\"https://znews-photo.zadn.vn/w660/Uploaded/qxwpzdjwp/2020_06_14/6_zing.jpg\" alt=\"Tong kiem soat phuong tien anh 1\" data-bind-event=\"true\" data-title=\"Tổng kiểm so&aacute;t phương tiện ảnh 1\" /></td>\r\n</tr>\r\n<tr>\r\n<td class=\"pCaption caption\">\r\n<p>CSGT kiểm tra nồng độ cồn t&agrave;i xế. Trong 1 th&aacute;ng qua đ&atilde; c&oacute; hơn 20.000 người vi phạm li&ecirc;n quan đến nồng độ cồn bị xử phạt. Ảnh:&nbsp;<em>H.Q.</em></p>\r\n</td>\r\n</tr>\r\n</tbody>\r\n</table>\r\n<p>Trung tướng Vũ Đỗ Anh Dũng, Cục trưởng Cục CSGT, đ&aacute;nh gi&aacute; việc thực hiện tổng kiểm so&aacute;t phương tiện c&oacute; thể coi l&agrave; một c&uacute; h&iacute;ch đối với việc n&acirc;ng cao &yacute; thức chấp h&agrave;nh ph&aacute;p luật của người d&acirc;n khi tham gia giao th&ocirc;ng, bởi sau thời gian gi&atilde;n c&aacute;ch x&atilde; hội, mọi người c&oacute; xu hướng &ldquo;thả lỏng&rdquo; khiến t&igrave;nh h&igrave;nh c&oacute; những diễn biến phức tạp.</p>\r\n<p>Theo l&atilde;nh đạo Cục CSGT, trong 1 th&aacute;ng tổng kiểm so&aacute;t, CSGT cả nước đ&atilde; sử dụng nhiều biện ph&aacute;p nghiệp vụ để ph&aacute;t hiện vi phạm, tuy nhi&ecirc;n, một số h&agrave;nh vi vi phạm chỉ được ph&aacute;t hiện khi dừng phương tiện để kiểm tra như: Vi phạm về nồng độ cồn; ma t&uacute;y; giấy ph&eacute;p l&aacute;i xe, biển số xe v&agrave; đăng k&yacute; xe giả...</p>\r\n<table class=\"picture\" align=\"center\">\r\n<tbody>\r\n<tr>\r\n<td class=\"pic\"><img title=\"Tổng kiểm so&aacute;t phương tiện ảnh 2\" src=\"https://znews-photo.zadn.vn/w660/Uploaded/qxwpzdjwp/2020_06_14/c6_zing.jpg\" alt=\"Tong kiem soat phuong tien anh 2\" data-bind-event=\"true\" /></td>\r\n</tr>\r\n<tr>\r\n<td class=\"pCaption caption\">\r\n<p>CSGT Tuy&ecirc;n Quang kiểm tra giấy tờ xe của người d&acirc;n. Ảnh:&nbsp;<em>H.Q.</em></p>\r\n</td>\r\n</tr>\r\n</tbody>\r\n</table>\r\n<p>Đối với thời gian kiểm so&aacute;t phương tiện, &ocirc;ng đ&aacute;nh gi&aacute; CSGT thực hiện nhanh ch&oacute;ng, kh&ocirc;ng để ảnh hưởng đến đi lại của người d&acirc;n; đảm bảo an to&agrave;n cho người được kiểm tra, người tham gia giao th&ocirc;ng v&agrave; ch&iacute;nh lực lượng CSGT đang l&agrave;m nhiệm vụ.</p>\r\n<p>&ldquo;Đơn cử như việc kiểm so&aacute;t nồng độ cồn, CSGT hướng dẫn l&aacute;i xe điều khiển xe v&agrave;o lề đường hoặc l&agrave;n ri&ecirc;ng để kiểm tra, người l&aacute;i xe gần như kh&ocirc;ng phải xuống phương tiện, nếu kh&ocirc;ng vi phạm th&igrave; CSGT n&oacute;i lời cảm ơn về sự hợp t&aacute;c v&agrave; người l&aacute;i xe tiếp tục di chuyển. Qu&aacute; tr&igrave;nh kiểm tra kh&ocirc;ng qu&aacute; 2 ph&uacute;t. Đối với những trường hợp c&oacute; biểu hiện bất thường CSGT mới kiểm so&aacute;t giấy tờ. Đến nay, ch&uacute;ng t&ocirc;i chưa ghi nhận được trường hợp n&agrave;o kh&ocirc;ng vi phạm m&agrave; phản đối, kh&ocirc;ng chấp h&agrave;nh hiệu lệnh của CSGT&rdquo;, Cục trưởng Cục CSGT n&oacute;i.</p>\r\n<p>Thời gian tới, l&atilde;nh đạo Cục CSGT cho biết sẽ căn cứ t&igrave;nh h&igrave;nh thực tiễn của từng địa phương, từng thời điểm để chỉ đạo mở c&aacute;c đợt cao điểm hoặc xử l&yacute; theo c&aacute;c chuy&ecirc;n đề ph&ugrave; hợp.</p>\r\n<figure class=\"video cms-video\" data-video-src=\"https://znews-mcloud-bf-s2.zadn.vn/KlDf8vMbRXI/64965893e8d1018f58c0/123af91d63588a06d349/720/381463dc759e9cc0c58f.mp4?authen=exp=1597294604~acl=/KlDf8vMbRXI/*~hmac=362af6f45db416d47504a532557e86d6\">\r\n<div class=\"video-container formatted\">\r\n<div id=\"video-282\" class=\"player\">\r\n<div id=\"video-282\" class=\"video\">\r\n<div class=\"--z--player\" tabindex=\"1\" data-player=\"\">\r\n<div class=\"AdsPluginNonLinear\">&nbsp;</div>\r\n<div class=\"--z--player-poster\">\r\n<div class=\"--z--poster-controls --z--play-wrapper --z--active\">&nbsp;</div>\r\n</div>\r\n<button class=\"--z--big-play-button\" title=\"Ph&aacute;t\" type=\"button\"></button></div>\r\n</div>\r\n</div>\r\n</div>\r\n<figcaption><strong><a class=\"autolink\" href=\"https://zingnews.vn/video-lai-xe-khong-mu-bao-hiem-quay-dau-xe-khi-thay-chot-do-nong-do-con-post1094468.html\" target=\"_blank\" rel=\"noopener\">L&aacute;i xe kh&ocirc;ng mũ bảo hiểm quay đầu xe khi thấy chốt đo nồng độ cồn</a></strong>&nbsp;Tối 10/6, C&ocirc;ng an TP Tam Kỳ (Quảng Nam) tổng kiểm so&aacute;t phương tiện ở nhiều tuyến đường. Ph&aacute;t hiện chốt đo nồng độ cồn, nhiều t&agrave;i xế kh&ocirc;ng đội mũ bảo hiểm quay đầu xe bỏ chạy.</figcaption>\r\n</figure>', 'Zing.VN', 'https://zingnews.vn/', 58, 3, 'Đã xuất bản', '', '2020-08-07 07:11:00', 1, 0),
(4, 'Đại hội Đảng bộ Bộ Tài nguyên và Môi trường nhiệm kỳ 2020-2025', 1, 1, 4, '2020-08-05 17:52:02', 'Ngày 11-8, tại Hà Nội, Đảng bộ Bộ TN-MT tiến hành phiên chính thức Đại hội đại biểu lần thứ IV, nhiệm kỳ 2020-2025. Đồng chí Trần Hồng Hà, Ủy viên Trung ương Đảng, Bí thư Ban cán sự đảng, Bộ trưởng Tài nguyên và Môi trường (TN-MT) dự và phát biểu ý kiến tại đại hội.', '<p><img src=\"https://img.nhandan.com.vn/Files/Images/2020/08/11/Small_Botruong_Trungcanh-1597138645669.jpg\" /></p>\r\n<p><em>Bộ trưởng Trần Hồng H&agrave; ph&aacute;t biểu chỉ đạo tại Đại hội. Ảnh: Đ&igrave;nh Trung</em></p>\r\n<p>&nbsp;</p>\r\n<p>C&ugrave;ng dự c&oacute; c&aacute;c đồng ch&iacute; nguy&ecirc;n Ủy vi&ecirc;n Trung ương Đảng, nguy&ecirc;n Bộ trưởng TN-MT: Phạm Kh&ocirc;i Nguy&ecirc;n, Nguyễn Minh Quang; đồng ch&iacute; Lại Xu&acirc;n L&acirc;m, Ph&oacute; B&iacute; thư Đảng ủy Khối c&aacute;c cơ quan Trung ương; c&aacute;c đồng ch&iacute; đại diện Ban Tổ chức Trung ương, Ủy ban Kiểm tra Trung ương, Ban Nội ch&iacute;nh Trung ương, Văn ph&ograve;ng Trung ương Đảng; c&ugrave;ng 294 đại biểu ch&iacute;nh thức, đại diện cho hơn 5.000 đảng vi&ecirc;n thuộc 39 tổ chức đảng trực thuộc Đảng bộ Bộ TN-MT.</p>\r\n<p>Ph&aacute;t biểu khai mạc, đồng ch&iacute; L&ecirc; C&ocirc;ng Th&agrave;nh, Ủy vi&ecirc;n Ban c&aacute;n sự Đảng, B&iacute; thư Đảng ủy, Thứ trưởng TN-MT cho biết, thực hiện Chỉ thị số 35-CT/TW, ng&agrave;y 30-5-2019 của Bộ Ch&iacute;nh trị về đại hội đảng bộ c&aacute;c cấp tiến tới Đại hội đại biểu to&agrave;n quốc lần thứ XIII của Đảng; dưới sự l&atilde;nh đạo, chỉ đạo của Ban Chấp h&agrave;nh Đảng bộ Bộ v&agrave; của c&aacute;c cấp ủy trực thuộc, đại hội c&aacute;c tổ chức đảng thuộc Đảng bộ Bộ đ&atilde; diễn ra trong bầu kh&ocirc;ng kh&iacute; d&acirc;n chủ, tr&iacute; tuệ, tr&aacute;ch nhiệm v&agrave; đ&atilde; th&agrave;nh c&ocirc;ng tốt đẹp.</p>\r\n<p>C&ugrave;ng với việc tổ chức th&agrave;nh c&ocirc;ng đại hội c&aacute;c chi bộ, đảng bộ c&aacute;c cấp, thời gian qua; c&aacute;c cơ quan, đơn vị, c&aacute;c đo&agrave;n thể trong Đảng bộ đ&atilde; tổ chức c&aacute;c phong tr&agrave;o thi đua y&ecirc;u nước s&acirc;u rộng, g&oacute;p phần v&agrave;o ho&agrave;n th&agrave;nh mục ti&ecirc;u, nhiệm vụ của Bộ năm 2020, lập th&agrave;nh t&iacute;ch ch&agrave;o mừng đại hội đảng c&aacute;c cấp v&agrave; Đại hội thi đua y&ecirc;u nước ng&agrave;nh T&agrave;i nguy&ecirc;n v&agrave; M&ocirc;i trường.</p>\r\n<div class=\"light-img\">\r\n<figure data-src=\"https://img.nhandan.com.vn/Files/Images/2020/08/11/TTr_Thanh1-1597139015473.jpg\" data-sub-html=\".img-cap\"><img src=\"https://img.nhandan.com.vn/Files/Images/2020/08/11/TTr_Thanh1-1597139015473.jpg\" alt=\"Đại hội Đảng bộ Bộ T&agrave;i nguy&ecirc;n v&agrave; M&ocirc;i trường nhiệm kỳ 2020-2025 -0\" />\r\n<figcaption class=\"img-cap\"><em>Thứ trưởng TN-MT L&ecirc; C&ocirc;ng Th&agrave;nh ph&aacute;t biểu khai mạc Đại hội. (Ảnh: Đ&igrave;nh Trung)</em></figcaption>\r\n</figure>\r\n</div>\r\n<p>Bước v&agrave;o giai đoạn mới, b&ecirc;n cạnh những thuận lợi, ng&agrave;nh TN-MT cũng phải đối mặt với nhiều kh&oacute; khăn, th&aacute;ch thức. Do đ&oacute;, ph&aacute;t huy tinh thần c&aacute;ch mạng trong x&acirc;y dựng v&agrave; ph&aacute;t triển Đảng bộ Bộ TN-MT, Đại hội c&oacute; nhiệm vụ: tổng kết, đ&aacute;nh gi&aacute; đ&uacute;ng t&igrave;nh h&igrave;nh, kết quả thực hiện Nghị quyết Đại hội Đảng bộ Bộ TN-MT lần thứ III, chỉ r&otilde; ưu điểm, khuyết điểm, nguy&ecirc;n nh&acirc;n v&agrave; b&agrave;i học kinh nghiệm; x&aacute;c định r&otilde; phương hướng, mục ti&ecirc;u, nhiệm vụ, giải ph&aacute;p trong nhiệm kỳ tới nhằm x&acirc;y dựng Đảng bộ trong sạch, vững mạnh về ch&iacute;nh trị, tư tưởng, tổ chức v&agrave; đạo đức.</p>\r\n<p><strong>X&acirc;y dựng&nbsp;ng&agrave;nh t&agrave;i nguy&ecirc;n v&agrave; m&ocirc;i trường hiện đại, hội nhập&nbsp;</strong></p>\r\n<p>Ph&aacute;t biểu chỉ đạo&nbsp;tại đại hội, Bộ trưởng Trần Hồng H&agrave; ghi nhận v&agrave; biểu dương những th&agrave;nh t&iacute;ch quan trọng m&agrave; Đảng bộ Bộ TN-MT đạt được trong 5 năm qua, đ&oacute;ng g&oacute;p quan trọng v&agrave;o sự nghiệp ph&aacute;t triển chung của ng&agrave;nh; khẳng định vai tr&ograve; quan trọng trong tiến tr&igrave;nh ph&aacute;t triển kinh tế - x&atilde; hội của đất nước.</p>\r\n<p>Bộ trưởng&nbsp;đ&aacute;nh gi&aacute; cao th&aacute;i độ nghi&ecirc;m t&uacute;c, thẳng thắn v&agrave; cầu thị của Đảng bộ khi ph&acirc;n t&iacute;ch, đ&aacute;nh gi&aacute; về những hạn chế, yếu k&eacute;m, khuyết điểm trong nhiệm kỳ vừa qua. Đ&acirc;y l&agrave; những b&agrave;i học kinh nghiệm qu&yacute; b&aacute;u để Đảng bộ tăng cường sự l&atilde;nh đạo, chỉ đạo trong thực hiện nhiệm vụ ch&iacute;nh trị v&agrave; chuy&ecirc;n m&ocirc;n trong giai đoạn ph&aacute;t triển mới của đất nước, với nhiều thuận lợi nhưng cũng kh&ocirc;ng &iacute;t kh&oacute; khăn th&aacute;ch thức.</p>\r\n<div class=\"light-img\">\r\n<figure data-src=\"https://img.nhandan.com.vn/Files/Images/2020/08/11/Small_Botruong_Cancanh1-1597139069583.jpg\" data-sub-html=\".img-cap\"><img src=\"https://img.nhandan.com.vn/Files/Images/2020/08/11/Small_Botruong_Cancanh1-1597139069583.jpg\" alt=\"Đại hội Đảng bộ Bộ T&agrave;i nguy&ecirc;n v&agrave; M&ocirc;i trường nhiệm kỳ 2020-2025 -0\" />\r\n<figcaption class=\"img-cap\"><em>Bộ trưởng Trần Hồng H&agrave;. (Ảnh: Đ&igrave;nh Trung)&nbsp;</em></figcaption>\r\n</figure>\r\n</div>\r\n<p>Bộ trưởng Trần Hồng H&agrave; cho biết, hiện nay c&aacute;ch mạng c&ocirc;ng nghệ, kinh tế số đang v&agrave; sẽ ng&agrave;y c&agrave;ng ph&aacute;t triển, t&aacute;c động to lớn đến đời sống kinh tế - x&atilde; hội thế giới v&agrave; Việt Nam b&ecirc;n cạnh sự cạnh tranh giữa c&aacute;c nước, xung đột lợi &iacute;ch trong chia sẻ c&aacute;c nguồn t&agrave;i nguy&ecirc;n, tr&aacute;ch nhiệm giải quyết c&aacute;c vấn đề m&ocirc;i trường xuy&ecirc;n bi&ecirc;n giới v&agrave; ứng ph&oacute; với biến đổi kh&iacute; hậu, diễn biến phức tạp của đại dịch Covid-19.&nbsp;</p>\r\n<p>&ldquo;Điều đ&oacute; đ&ograve;i hỏi Đảng bộ Bộ phải n&acirc;ng cao hơn nữa t&iacute;nh năng động, s&aacute;ng tạo, chủ động, phối hợp chặt chẽ hơn nữa trong l&atilde;nh đạo, chỉ đạo c&aacute;c tổ chức đảng v&agrave; tổ chức ch&iacute;nh quyền trực thuộc thực hiện c&aacute;c nhiệm vụ ch&iacute;nh trị b&aacute;m s&aacute;t thực tiễn, tr&ecirc;n cơ sở dự b&aacute;o những thay đổi, biến động để c&oacute; giải ph&aacute;p ứng ph&oacute; kịp thời&rdquo;, Bộ trưởng nhấn mạnh.</p>\r\n<p>Bộ trưởng đề nghị Đại hội tập trung thảo luận, x&acirc;y dựng chương tr&igrave;nh h&agrave;nh động v&agrave; đề ra c&aacute;c giải ph&aacute;p cụ thể thực hiện thắng lợi c&aacute;c nhiệm vụ ch&iacute;nh trị, gắn với tăng cường vai tr&ograve; l&atilde;nh đạo của Đảng. Đồng thời b&agrave;y tỏ tin tưởng rằng, với truyền thống v&agrave; tinh thần Đo&agrave;n kết - D&acirc;n chủ - Kỷ cương - S&aacute;ng tạo - Ph&aacute;t triển, Đảng bộ Bộ TN-MT sẽ c&ugrave;ng với to&agrave;n ng&agrave;nh ho&agrave;n th&agrave;nh mục ti&ecirc;u x&acirc;y dựng ng&agrave;nh t&agrave;i nguy&ecirc;n v&agrave; m&ocirc;i trường hiện đại, hội nhập v&agrave; đ&aacute;p ứng y&ecirc;u cầu ph&aacute;t triển của đất nước trong giai đoạn mới.</p>\r\n<p>Sau gần hai ng&agrave;y l&agrave;m việc khẩn trương, nghi&ecirc;m t&uacute;c, trong kh&ocirc;ng kh&iacute; d&acirc;n chủ, với tinh thần tr&aacute;ch nhiệm cao, Đại hội đại biểu Đảng bộ Bộ T&agrave;i nguy&ecirc;n v&agrave; M&ocirc;i trường lần thứ IV, nhiệm kỳ 2020 - 2025 đ&atilde; ho&agrave;n th&agrave;nh to&agrave;n bộ nội dung, chương tr&igrave;nh của Đại hội.&nbsp;</p>\r\n<div class=\"light-img\">\r\n<figure data-src=\"https://img.nhandan.com.vn/Files/Images/2020/08/11/Smaill_Botruong_Toancanh-1597139124947.jpg\" data-sub-html=\".img-cap\"><img src=\"https://img.nhandan.com.vn/Files/Images/2020/08/11/Smaill_Botruong_Toancanh-1597139124947.jpg\" alt=\"Đại hội Đảng bộ Bộ T&agrave;i nguy&ecirc;n v&agrave; M&ocirc;i trường nhiệm kỳ 2020-2025 -0\" />\r\n<figcaption class=\"img-cap\"><em>To&agrave;n cảnh đại hội. (Ảnh: Đ&igrave;nh Trung)</em></figcaption>\r\n</figure>\r\n</div>\r\n<p>Đại hội đ&atilde; thảo luận v&agrave; nhất tr&iacute; th&ocirc;ng qua B&aacute;o c&aacute;o ch&iacute;nh trị của Ban Chấp h&agrave;nh Đảng bộ kh&oacute;a III tr&igrave;nh Đại hội. Đại hội cũng đ&atilde; đ&aacute;nh gi&aacute; đ&uacute;ng những th&agrave;nh tựu, kết quả nổi bật đạt được trong nhiệm kỳ vừa qua. Với tinh thần kh&aacute;ch quan, cầu thị, Đại hội cũng thẳng thắn chỉ r&otilde; khuyết điểm cần khắc phục, ph&acirc;n t&iacute;ch, đ&aacute;nh gi&aacute; những thuận lợi, kh&oacute; khăn trong thực hiện nhiệm vụ của ng&agrave;nh TN-MT thời gian tới; tr&ecirc;n cơ sở đ&oacute;, Đại hội đ&atilde; thảo luận nhất tr&iacute; th&ocirc;ng qua phương hướng, mục ti&ecirc;u, nhiệm vụ v&agrave; c&aacute;c giải ph&aacute;p chủ yếu, khả thi trong l&atilde;nh đạo thực hiện nhiệm vụ ch&iacute;nh trị v&agrave; c&ocirc;ng t&aacute;c x&acirc;y dựng Đảng trong nhiệm kỳ 2020 - 2025.</p>\r\n<p>B&ecirc;n cạnh đ&oacute;, với tinh thần tr&aacute;ch nhiệm cao, Đại hội đ&atilde; thảo luận v&agrave; th&ocirc;ng qua B&aacute;o c&aacute;o kiểm điểm của Ban Chấp h&agrave;nh Đảng bộ nhiệm kỳ 2015 - 2020 v&agrave; th&ocirc;ng qua B&aacute;o c&aacute;o tổng hợp &yacute; kiến đ&oacute;ng g&oacute;p v&agrave;o dự thảo c&aacute;c Văn kiện tr&igrave;nh Đại hội đại biểu lần thứ XIII của Đảng Bộ Khối c&aacute;c cơ quan Trung ương v&agrave; Đại hội đại biểu to&agrave;n quốc lần thứ XIII của Đảng.</p>\r\n<p>Đại hội đ&atilde; tiến h&agrave;nh nghi&ecirc;m t&uacute;c, đ&uacute;ng Điều lệ Đảng, đ&uacute;ng Quy chế bầu cử trong Đảng, với tinh thần d&acirc;n chủ, tr&aacute;ch nhiệm, c&ocirc;ng t&acirc;m, kh&aacute;ch quan, Đại hội đ&atilde; s&aacute;ng suốt bầu 34 đồng ch&iacute; v&agrave;o Ban Chấp h&agrave;nh Đảng bộ nhiệm kỳ 2020 - 2025 v&agrave; bầu 11 đồng ch&iacute; đại diện cho tr&iacute; tuệ của Đảng bộ đi dự &nbsp;Đại hội Đảng bộ Khối c&aacute;c cơ quan Trung ương; biểu quyết th&ocirc;ng qua Nghị quyết Đại hội đại biểu Đảng bộ Bộ T&agrave;i nguy&ecirc;n v&agrave; M&ocirc;i trường lần thứ IV, nhiệm kỳ 2020 - 2025.&nbsp;</p>\r\n<p>Đồng ch&iacute; L&ecirc; C&ocirc;ng Th&agrave;nh, Thứ trưởng TN-MT t&aacute;i cử B&iacute; thư Ban Chấp h&agrave;nh Đảng bộ Bộ TN-MT nhiệm kỳ 2020-2025.</p>\r\n<div class=\"contref thumbnail\">\r\n<ul>\r\n<li>&nbsp;</li>\r\n</ul>\r\n</div>', 'Báo Nhân Dân', 'https://nhandan.com.vn/', 5, 3, 'Đã xuất bản', '', '2020-08-06 19:50:00', 0, 0),
(5, 'Bánh mì \'bóng đêm\' gây sốt ở Sài Gòn có gì đặc biệt?', 3, 5, 4, '2020-08-05 17:53:20', '(PLO)- Không giống màu vàng của các loại bánh mì bình thường, bánh mì \"bóng đêm\" sở hữu màu đen bóng như màu than, từ trong ruột tới ngoài vỏ.', '<p>Sau b&aacute;nh m&igrave; thanh long, b&aacute;nh m&igrave; khoai lang,...gần đ&acirc;y b&aacute;nh m&igrave; \"b&oacute;ng đ&ecirc;m\" đang khuấy đảo thị trường b&aacute;nh m&igrave; tại TP.HCM với vẻ ngo&agrave;i độc đ&aacute;o.</p>\r\n<p>Kh&ocirc;ng giống m&agrave;u v&agrave;ng của c&aacute;c loại b&aacute;nh m&igrave; b&igrave;nh thường, b&aacute;nh m&igrave; \"b&oacute;ng đ&ecirc;m\" sở hữu m&agrave;u đen b&oacute;ng như m&agrave;u than, từ trong ruột tới ngo&agrave;i vỏ. Hiện gi&aacute; b&aacute;n của mỗi chiếc b&aacute;nh m&igrave; kh&ocirc;ng l&agrave; 5.000 đồng v&agrave; 22.000-25.000 đồng/chiếc kẹp thịt hoặc nh&acirc;n c&aacute;c loại.</p>\r\n<p>Anh Trần Hiếu, chủ cửa h&agrave;ng sản xuất v&agrave; b&aacute;n loại b&aacute;nh m&igrave; n&agrave;y, tr&ecirc;n đường Phan Đ&igrave;nh Ph&ugrave;ng (Ph&uacute; Nhuận, TP.HCM) chia sẻ, b&aacute;nh m&igrave; \"b&oacute;ng đ&ecirc;m\" được l&agrave;m từ tinh than tre trộn c&ugrave;ng v&agrave;o với b&aacute;nh như một th&agrave;nh phần nguy&ecirc;n liệu, để tạo n&ecirc;n m&agrave;u đen đặc trưng cho ổ b&aacute;nh m&igrave;.</p>\r\n<p>Cũng theo anh Hiếu, quy tr&igrave;nh l&agrave;m ra những chiếc b&aacute;nh m&igrave; độc đ&aacute;o n&agrave;y kh&ocirc;ng kh&aacute;c nhiều so với b&aacute;nh m&igrave; truyền thống.</p>\r\n<p class=\"item-photo\" align=\"center\"><a class=\"photo\" href=\"https://image.plo.vn/w800/uploaded/2020/ymzmf/2020_08_11/banh-i-bong-dem-gay-sot_vueb_thumb.jpg\" data-desc=\"B&aacute;nh m&igrave; &quot;b&oacute;ng đ&ecirc;m&quot; được sản xuất từ tinh than tre mang lạ m&agrave;u sắc độc đ&aacute;o cho sản phẩm. Ảnh: Cẩm Ti&ecirc;n\" data-index=\"1\"><img class=\"cms-photo\" src=\"https://image.plo.vn/w800/uploaded/2020/ymzmf/2020_08_11/banh-i-bong-dem-gay-sot_vueb_thumb.jpg\" alt=\"B&aacute;nh m&igrave; \'b&oacute;ng đ&ecirc;m\' g&acirc;y sốt ở S&agrave;i G&ograve;n c&oacute; g&igrave; đặc biệt? - ảnh 1\" data-photo-original-src=\"https://image.plo.vn/w800/Uploaded/2020/ymzmf/2020_08_11/banh-i-bong-dem-gay-sot_vueb_thumb.jpg\" /></a><br /><em class=\"image_caption\">B&aacute;nh m&igrave; \"b&oacute;ng đ&ecirc;m\" được sản xuất từ tinh than tre mang lạ m&agrave;u sắc độc đ&aacute;o cho sản phẩm. Ảnh: Cẩm Ti&ecirc;n</em></p>\r\n<p>Hiện, trung b&igrave;nh một ng&agrave;y tiệm anh b&aacute;n được hơn 1.000 ổ, v&agrave; số lượng dự kiến sẽ tăng th&ecirc;m do ng&agrave;y c&agrave;ng c&oacute; th&ecirc;m nhiều kh&aacute;ch h&agrave;ng.</p>\r\n<div id=\"sas_44269_container\">\r\n<div id=\"sas_44269\"></div>\r\n</div>\r\n<p>Kim Long, nh&acirc;n vi&ecirc;n văn ph&ograve;ng tại Ph&uacute; Nhuận, chia sẻ: \"L&ecirc;n Facebook thấy b&aacute;nh m&igrave; n&agrave;y đang g&acirc;y sốt bởi m&agrave;u sắc, gi&aacute; cả vừa phải, lại d&ugrave;ng tinh bột than tốt cho sức khỏe để chế biến, cửa h&agrave;ng lại gần m&igrave;nh n&ecirc;n gh&eacute; mua ăn thử. Thấy vị b&aacute;nh lạ, c&oacute; lớp m&egrave; gi&ograve;n thơm\".</p>\r\n<div class=\"box-script\">&nbsp;</div>\r\n<p>C&oacute; nguồn gốc từ Nhật, tinh than tre l&agrave; c&aacute;c hạt si&ecirc;u mịn chứa canxi, kali, photpho, sắt rất tốt cho sức khỏe. Người Nhật tin rằng tinh than tre l&agrave; thực phẩm giải độc cơ thể cực tốt, c&oacute; t&aacute;c dụng l&agrave;m sạch hệ ti&ecirc;u h&oacute;a, giữ v&oacute;c d&aacute;ng thon gọn v&agrave; l&agrave;n da tươi trẻ từ b&ecirc;n trong.</p>\r\n<p>Tr&ecirc;n thực tế, loại b&aacute;nh \"b&oacute;ng đ&ecirc;m\" vốn dĩ đ&atilde; xuất hiện tại Việt Nam từ những năm 2017 nhưng chủ yếu l&agrave; ở c&aacute;c d&ograve;ng b&aacute;nh m&igrave; ngọt v&agrave; mới đ&acirc;y, loại b&aacute;nh n&agrave;y lại nổi l&ecirc;n với d&ograve;ng b&aacute;nh m&igrave; mặn.</p>\r\n<p>Hiện nay b&aacute;nh m&igrave; \"b&oacute;ng đ&ecirc;m\" cũng được b&aacute;n ở nhiều tỉnh th&agrave;nh tr&ecirc;n cả nước như Quảng Ninh, Long An, Cần Thơ... thu h&uacute;t nhiều sự quan t&acirc;m của người ti&ecirc;u d&ugrave;ng.</p>\r\n<p>Đơn cử ở Quảng Ninh,&nbsp;<a href=\"https://plo.vn/tags/IGLDoW5oIG3DrCDEkWVu/banh-mi-den.html\">b&aacute;nh m&igrave; đen</a>&nbsp;n&agrave;y ngo&agrave;i d&ugrave;ng tinh bột than tre, c&ograve;n sử dụng&nbsp;bầu mật của con mực, kh&ocirc;ng sử dụng chất bảo quản hay phụ gia để tạo m&agrave;u sắc đặc trưng của sản phẩm n&agrave;y.</p>', 'Báo PLO', 'https://plo.vn/', 12, 3, 'Đã xuất bản', '', '2020-08-07 19:32:00', 0, 0),
(6, 'Tiếp tục dừng hoạt động vận tải khách đến Đà Nẵng từ 0 giờ ngày 12/8', 1, 2, 4, '2020-08-05 23:01:40', 'Tàu bay, xe khách, tàu hỏa đến Đà Nẵng sẽ phải dừng hoạt động bắt đầu từ 0 giờ ngày 12/8 sau khi thành phố này tiếp tục áp dụng giãn cách xã hội để phòng, chống dịch COVID-19.', '<p>Tối 11/8, Bộ Giao th&ocirc;ng Vận tải vừa c&oacute; văn bản hoả tốc gửi Tổng cục Đường bộ Việt Nam, c&aacute;c Cục H&agrave;ng kh&ocirc;ng Việt Nam, Đường sắt Việt Nam, H&agrave;ng hải Việt Nam, Đường thủy nội địa Việt Nam, Y tế Giao th&ocirc;ng Vận tải, Sở Giao th&ocirc;ng Vận tải c&aacute;c địa phương về kế hoạch vận chuyển h&agrave;nh kh&aacute;ch nhằm đảm bảo c&ocirc;ng t&aacute;c ph&ograve;ng, chống dịch COVID-19.</p>\r\n<p>Theo đ&oacute;, Bộ Giao th&ocirc;ng Vận tải y&ecirc;u cầu tiếp tục&nbsp;<strong><a class=\"cms-relate\" href=\"https://www.vietnamplus.vn/dung-toan-bo-tau-bay-xe-khach-tau-hoa-den-da-nang-tu-0-gio-ngay-287/654041.vnp\" rel=\"\">dừng c&aacute;c chuyến bay</a></strong>&nbsp;chở kh&aacute;ch tr&ecirc;n c&aacute;c đường bay nội địa đi/đến th&agrave;nh phố Đ&agrave; Nẵng. C&aacute;c chuyến bay nội địa chở kh&aacute;ch kh&ocirc;ng đi/đến th&agrave;nh phố Đ&agrave; Nẵng thực hiện b&igrave;nh thường; kh&ocirc;ng hạn chế khai th&aacute;c đối với c&aacute;c chuyến bay kh&ocirc;ng vận chuyển h&agrave;nh kh&aacute;ch.</p>\r\n<p>Đối với c&aacute;c chuyến bay chở kh&aacute;ch đi/đến Cảng h&agrave;ng kh&ocirc;ng Chu Lai, Bộ Giao th&ocirc;ng Vận tải đ&atilde; giao Cục H&agrave;ng kh&ocirc;ng Việt Nam chủ tr&igrave;, thống nhất với c&aacute;c h&atilde;ng h&agrave;ng kh&ocirc;ng nghi&ecirc;n cứu đề xuất tr&ecirc;n, chỉ đạo giảm nhưng chưa dừng to&agrave;n bộ c&aacute;c chuyến bay đi/đến Cảng h&agrave;ng kh&ocirc;ng Chu Lai v&agrave; y&ecirc;u cầu c&aacute;c h&atilde;ng h&agrave;ng kh&ocirc;ng thực hiện đ&uacute;ng c&aacute;c quy định về ph&ograve;ng, chống dịch COVID-19 của Bộ Y tế.</p>\r\n<p>Về lĩnh vực đường bộ, Bộ Giao th&ocirc;ng Vận tải y&ecirc;u cầu tiếp tục dừng hoạt động vận chuyển của c&aacute;c tuyến vận tải h&agrave;nh kh&aacute;ch cố định li&ecirc;n tỉnh, nội tỉnh, c&aacute;c hoạt động vận tải của xe hợp đồng, xe du lịch, xe taxi, xe bu&yacute;t đi/đến v&agrave; trong th&agrave;nh phố Đ&agrave; Nẵng, trừ c&aacute;c trường hợp đặc biệt v&igrave; l&yacute; do c&ocirc;ng vụ, xe chở bệnh nh&acirc;n, người hết thời gian c&aacute;ch ly; xe đưa đ&oacute;n c&ocirc;ng nh&acirc;n, chuy&ecirc;n gia của c&aacute;c doanh nghiệp, xe vận chuyển phục vụ ph&ograve;ng chống dịch v&agrave; c&aacute;c trường hợp cung cấp lương thực, thực phẩm, nhu yếu phẩm cần thiết, xe chuy&ecirc;n chở nguy&ecirc;n vật liệu sản xuất, h&agrave;ng h&oacute;a.</p>\r\n<p>C&aacute;c tuyến vận tải h&agrave;nh kh&aacute;ch cố định li&ecirc;n tỉnh, c&aacute;c hoạt động vận tải của xe hợp đồng, xe du lịch, xe taxi, xe bu&yacute;t c&oacute; h&agrave;nh tr&igrave;nh qua th&agrave;nh phố Đ&agrave; Nẵng kh&ocirc;ng được dừng, đỗ tại th&agrave;nh phố Đ&agrave; Nẵng để đ&oacute;n, trả kh&aacute;ch.</p>\r\n<p>Bến xe kh&aacute;ch tại th&agrave;nh phố Đ&agrave; Nẵng thực hiện nghi&ecirc;m việc dừng hoạt động của c&aacute;c tuyến vận tải h&agrave;nh kh&aacute;ch cố định li&ecirc;n tỉnh, nội tỉnh. Trường hợp đặc biệt, Sở Giao th&ocirc;ng Vận tải Đ&agrave; Nẵng tham mưu cho Ủy ban Nh&acirc;n d&acirc;n th&agrave;nh phố Đ&agrave; Nẵng xem x&eacute;t, quyết định.</p>\r\n<p>C&aacute;c hoạt động vận chuyển của c&aacute;c tuyến vận tải h&agrave;nh kh&aacute;ch cố định li&ecirc;n tỉnh, nội tỉnh, c&aacute;c hoạt động vận tải của xe hợp đồng, xe du lịch, xe taxi, xe bu&yacute;t (kh&ocirc;ng qua th&agrave;nh phố Đ&agrave; Nẵng) thực hiện b&igrave;nh thường.</p>\r\n<p><strong><a class=\"cms-relate\" href=\"https://www.vietnamplus.vn/da-nang-tiep-tuc-gian-cach-xa-hoi-theo-chi-thi-16-bat-dau-tu-128/656885.vnp\" rel=\"\">[Đ&agrave; Nẵng tiếp tục gi&atilde;n c&aacute;ch x&atilde; hội theo Chỉ thị 16, bắt đầu từ 12/8]</a></strong></p>\r\n<p>Đối với đường sắt, tiếp tục tạm dừng to&agrave;n bộ hoạt động của t&agrave;u kh&aacute;ch xuất ph&aacute;t v&agrave; kết th&uacute;c tại ga Đ&agrave; Nẵng. Tuyến đường sắt H&agrave; Nội-Th&agrave;nh phố Hồ Ch&iacute; Minh khai th&aacute;c b&igrave;nh thường nhưng kh&ocirc;ng được dừng, đỗ để đ&oacute;n, trả kh&aacute;ch tại ga Đ&agrave; Nẵng. Kh&ocirc;ng hạn chế khai th&aacute;c đối với c&aacute;c chuyến t&agrave;u kh&ocirc;ng vận chuyển h&agrave;nh kh&aacute;ch.</p>\r\n<p>Ngo&agrave;i ra, Bộ Giao th&ocirc;ng Vận tải cũng y&ecirc;u cầu Cục H&agrave;ng hải, Đường thủy nội địa Việt Nam phối hợp với c&aacute;c địa phương dừng c&aacute;c chuyến t&agrave;u chở kh&aacute;ch tuyến từ bờ ra đảo c&oacute; điểm đi/đến l&agrave; th&agrave;nh phố Đ&agrave; Nẵng. Trường hợp đặc biệt, 2 đơn vị n&agrave;y theo chức năng, nhiệm vụ thống nhất với Sở Giao th&ocirc;ng Vận tải Đ&agrave; Nẵng tham mưu cho Ủy ban Nh&acirc;n d&acirc;n th&agrave;nh phố Đ&agrave; Nẵng xem x&eacute;t, quyết định. Bộ cũng kh&ocirc;ng hạn chế khai th&aacute;c đối với c&aacute;c chuyến t&agrave;u kh&ocirc;ng vận chuyển h&agrave;nh kh&aacute;ch.</p>\r\n<p>C&aacute;c y&ecirc;u cầu tr&ecirc;n bắt đầu thực hiện từ 00 giờ ng&agrave;y 12/8/2020 cho đến khi c&oacute; th&ocirc;ng b&aacute;o mới.</p>\r\n<p>Trước đ&oacute;, s&aacute;ng 11/8, Ủy ban Nh&acirc;n d&acirc;n th&agrave;nh phố Đ&agrave; Nẵng ban h&agrave;nh văn bản số 5316/UBND-VHXH về việc tiếp tục thực hiện c&aacute;c biện ph&aacute;p ph&ograve;ng, chống&nbsp;<a href=\"https://www.vietnamplus.vn/tags/D%e1%bb%8bch-COVID-19.vnp\"><strong>dịch COVID-19</strong></a>&nbsp;theo Chỉ thị số 16/CT-TTg ng&agrave;y 31/3/2020 của Thủ tướng Ch&iacute;nh phủ.</p>\r\n<p>Theo đ&oacute;, tất cả c&aacute;c cơ quan, tổ chức v&agrave; to&agrave;n thể người d&acirc;n tr&ecirc;n địa b&agrave;n th&agrave;nh phố Đ&agrave; Nẵng tiếp tục thực hiện Chỉ thị số 16/CT-TTg của Thủ tướng Ch&iacute;nh phủ từ 0 giờ, ng&agrave;y 12/8/2020 cho đến khi c&oacute; th&ocirc;ng b&aacute;o mới (địa b&agrave;n huyện H&ograve;a Vang thực hiện từ 13 giờ ng&agrave;y 11/8/2020)./.</p>\r\n<div class=\"cms-author\" style=\"text-align: right;\"><strong>Việt H&ugrave;ng (Vietnam+)</strong></div>', 'VietNamPlus', 'https://www.vietnamplus.vn/', 68, 3, 'Đã xuất bản', '', '2020-08-09 23:10:00', 0, 0),
(7, 'Tiếp tục dừng các chuyến bay chở khách tới Đà Nẵng', 1, 2, 4, '2020-08-11 23:03:49', '(PLO)- Bộ GTVT tiếp tục yêu cầu dừng toàn bộ chuyến bay chở khách trên các đường bay nội địa đi và đến Đà Nẵng.', '<p>Tối 11-8,&nbsp;<a href=\"https://plo.vn/tags/IELhu5kgR1RWVA==/bo-gtvt.html\">Bộ GTVT</a>&nbsp;c&oacute; văn bản hỏa tốc gửi c&aacute;c đơn vị trực thuộc v&agrave; Sở GTVT tr&ecirc;n cả nước về kế hoạch vận chuyển h&agrave;nh kh&aacute;ch nhằm bảo đảm ph&ograve;ng, chống dịch COVID-19.</p>\r\n<p>Theo đ&oacute;, đối với lĩnh vực h&agrave;ng kh&ocirc;ng, Bộ n&agrave;y tiếp tục y&ecirc;u cầu dừng to&agrave;n bộ chuyến bay chở kh&aacute;ch tr&ecirc;n c&aacute;c đường bay nội địa đi v&agrave; đến Đ&agrave; Nẵng. Đối với chuyến bay chở kh&aacute;ch kẹt ở Đ&agrave; Nẵng trở về c&aacute;c tỉnh vẫn thực hiện theo kế hoạch của c&ocirc;ng văn 7703/2020 của Bộ GTVT.</p>\r\n<p class=\"item-photo\" align=\"center\"><a class=\"photo\" href=\"https://image.plo.vn/w800/uploaded/2020/dqmbtwvo/2020_08_11/dung-bay-toi-da-nang_epuw_thumb.jpg\" data-desc=\"Trước đ&oacute;, ng&agrave;y 27-7, Bộ GTVT cũng đưa ra quyết định tương tự trong v&ograve;ng 15 ng&agrave;y, nhằm ph&ograve;ng chống dịch COVID-19 lan rộng. Ảnh: N.TUẤN\" data-index=\"1\"><img class=\"cms-photo\" src=\"https://image.plo.vn/w800/uploaded/2020/dqmbtwvo/2020_08_11/dung-bay-toi-da-nang_epuw_thumb.jpg\" alt=\"Tiếp tục dừng c&aacute;c chuyến bay chở kh&aacute;ch tới Đ&agrave; Nẵng - ảnh 1\" data-photo-original-src=\"https://image.plo.vn/w800/Uploaded/2020/dqmbtwvo/2020_08_11/dung-bay-toi-da-nang_epuw_thumb.jpg\" /></a><br /><em class=\"image_caption\">Trước đ&oacute;, ng&agrave;y 27-7, Bộ GTVT cũng đưa ra quyết định tương tự trong v&ograve;ng 15 ng&agrave;y, nhằm ph&ograve;ng chống dịch COVID-19 lan rộng. Ảnh: N.TUẤN</em></p>\r\n<p>C&aacute;c chuyến bay nội địa chở kh&aacute;ch kh&ocirc;ng đi v&agrave; đến Đ&agrave; Nẵng thực hiện b&igrave;nh thường. Ri&ecirc;ng c&aacute;c chuyến bay chở kh&aacute;ch đến Chu Lai giảm tần suất theo đề nghị của địa phương. Kh&ocirc;ng hạn chế khai th&aacute;c với c&aacute;c chuyến bay kh&ocirc;ng vận chuyển h&agrave;nh kh&aacute;ch.</p>\r\n<p>Với lĩnh vực đường bộ, Bộ GTVT y&ecirc;u cầu dừng hoạt động vận chuyển c&aacute;c tuyến vận tải kh&aacute;ch cố định li&ecirc;n tỉnh, nội tỉnh, hoạt động vận tải của xe kh&aacute;ch hợp đồng, xe du lịch, taxi, xe bu&yacute;t đi/đến v&agrave; trong TP Đ&agrave; Nẵng.</p>\r\n<p>C&aacute;c trường hợp đặc biệt v&igrave; l&yacute; do c&ocirc;ng vụ, xe chở bệnh nh&acirc;n, người hết thời gian c&aacute;ch ly, xe đưa đ&oacute;n c&ocirc;ng nh&acirc;n, chuy&ecirc;n gia của c&aacute;c doanh nghiệp, xe vận chuyển phục vụ chống dịch, nhu yếu phẩm, xe cung cấp thức ăn, h&agrave;ng ho&aacute;... được hoạt động.</p>\r\n<div id=\"sas_44269_container\">\r\n<div id=\"sas_44269\"></div>\r\n</div>\r\n<p>C&aacute;c xe chở kh&aacute;ch c&oacute; h&agrave;nh tr&igrave;nh qua Đ&agrave; Nẵng kh&ocirc;ng được dừng đ&oacute;n, trả kh&aacute;ch tại Đ&agrave; Nẵng.</p>\r\n<div class=\"box-script\">&nbsp;</div>\r\n<p>Với lĩnh vực đường sắt, tạm dừng to&agrave;n bộ hoạt động của t&agrave;u kh&aacute;ch xuất ph&aacute;t v&agrave; kết th&uacute;c tại ga Đ&agrave; Nẵng.</p>\r\n<p>Tuyến đường sắt H&agrave; Nội - TP.HCM khai th&aacute;c b&igrave;nh thường nhưng kh&ocirc;ng được đ&oacute;n, trả kh&aacute;ch tại ga Đ&agrave; Nẵng.</p>\r\n<p>Bộ GTVT cũng y&ecirc;u cầu dừng c&aacute;c chuyến t&agrave;u chở kh&aacute;ch từ bờ ra đảo c&oacute; điểm đi/đến l&agrave; Đ&agrave; Nẵng.</p>\r\n<p>C&aacute;c quyết định tr&ecirc;n của Bộ GTVT c&oacute; hiệu lực kể từ 0 giờ ng&agrave;y 12-8 cho đến khi c&oacute; th&ocirc;ng b&aacute;o mới.</p>\r\n<p>Li&ecirc;n quan đến hoạt đồng ph&ograve;ng, chống dịch COVID19, s&aacute;ng 11-8, TP Đ&agrave; Nẵng cũng quyết định &aacute;p dụng biện ph&aacute;p c&aacute;ch ly x&atilde; hội lần hai ở Đ&agrave; Nẵng trong v&ograve;ng 15 ng&agrave;y (lần trước bắt đầu từ 0 giờ ng&agrave;y 28-7).</p>', 'Báo mới', 'https://www.baomoi.com/', 16, 1, 'Bị từ chối', 'Khong thich duyet :D', NULL, 0, 0),
(9, 'Đại hội đại biểu lần thứ VI Đảng bộ Đại học Quốc gia Hà Nội: Phấn đấu đến 2025 lọt vào nhóm 500 trường hàng đầu thế giới', 1, 1, 3, '2020-08-16 13:44:12', 'Kinhtedothi - Sáng 16/8, Đại hội đại biểu lần thứ VI Đảng bộ Đại học Quốc gia Hà Nội (ĐHQGHN) nhiệm kỳ 2020-2025 đã bước vào phiên làm việc chính thức với 296 đại biểu chính thức đại diện cho 2.282 đảng viên của 32 tổ chức cơ sở Đảng trong toàn Đảng bộ. Ủy viên Bộ Chính trị, Bí thư Thành ủy Vương Đình Huệ tới dự và chỉ đạo Đại hội.', '<div>Tham dự Đại hội c&oacute; Ủy vi&ecirc;n T.Ư Đảng, Bộ trưởng Bộ GD&amp;ĐT Ph&ugrave;ng Xu&acirc;n Nhạ; c&aacute;c đồng ch&iacute; Ủy vi&ecirc;n Ban Thường vụ Th&agrave;nh ủy H&agrave; Nội: Chủ nhiệm UBKT Th&agrave;nh ủy Ho&agrave;ng Trọng Quyết; Trưởng Ban Tuy&ecirc;n gi&aacute;o Th&agrave;nh ủy Nguyễn Văn Phong; Ph&oacute; Chủ tịch Thường trực HĐND TP Nguyễn Ngọc Tuấn.</div>\r\n<div>\r\n<table class=\"picture\" cellspacing=\"0\" cellpadding=\"0\">\r\n<tbody>\r\n<tr>\r\n<td class=\"pic\">\r\n<div class=\"box_img_detail\"><center>\r\n<div class=\"item_gallery\" style=\"margin: 0px 0px 12px; padding: 0px; list-style: none; outline: 0px; line-height: 23px !important; box-sizing: border-box; border: 0px; font-size: 16px !important; vertical-align: baseline; background: transparent; font-family: Helvetica, sans-serif !important;\" data-src=\"http://cdn.kinhtedothi.vn/560/2020/8/16/43df5124d2812edf7790.jpg\" data-sub-html=\"&lt;div class=\'sapo_slide\'&gt;&nbsp;B&iacute; thư Th&agrave;nh ủy Vương Đ&igrave;nh Huệ ph&aacute;t biểu tại Đại hội.&lt;/div&gt;\"><a class=\"thumb_detail\"><img class=\"img-responsive\" src=\"http://cdn.kinhtedothi.vn/560/2020/8/16/43df5124d2812edf7790.jpg\" /></a><span class=\"note_images\">&nbsp;B&iacute; thư Th&agrave;nh ủy Vương Đ&igrave;nh Huệ ph&aacute;t biểu tại Đại hội.</span></div>\r\n</center></div>\r\n</td>\r\n</tr>\r\n</tbody>\r\n</table>\r\n</div>\r\n<div><strong>Nhiều chỉ ti&ecirc;u đạt v&agrave; vượt kế hoạch đề ra</strong></div>\r\n<div>\r\n<p>Ph&aacute;t biểu khai mạc Đại hội, PGS.TS Nguyễn Kim Sơn, B&iacute; thư Đảng ủy, Gi&aacute;m đốc Đại học Quốc gia H&agrave; Nội cho biết, với quyết t&acirc;m x&acirc;y dựng Đảng bộ gương mẫu, trong sạch, vững mạnh; ph&aacute;t huy truyền thống học thuật; huy động v&agrave; sử dụng hiệu quả mọi nguồn lực; đổi mới s&aacute;ng tạo; bứt ph&aacute; mạnh mẽ; ph&aacute;t triển Đại học Quốc gia H&agrave; Nội trở th&agrave;nh đại học nghi&ecirc;n cứu ti&ecirc;n tiến, Đại hội sẽ ph&aacute;t huy tinh thần d&acirc;n chủ, tr&aacute;ch nhiệm, quyết t&acirc;m ho&agrave;n th&agrave;nh thắng lợi c&aacute;c nội dung, chương tr&igrave;nh đề ra.</p>\r\n</div>\r\n<div>B&aacute;o c&aacute;o ch&iacute;nh trị do Ph&oacute; B&iacute; thư Đảng ủy, Ph&oacute; Gi&aacute;m đốc ĐHQGHN Nguyễn Ho&agrave;ng Hải tr&igrave;nh b&agrave;y tại Đại hội khẳng định, 5 năm qua, ĐHQGHN đ&atilde; đạt được nhiều th&agrave;nh tựu quan trọng v&agrave; tạo tiền đề th&uacute;c đẩy ph&aacute;t triển cho giai đoạn tới. Nhiều chỉ ti&ecirc;u đ&atilde; được ho&agrave;n th&agrave;nh v&agrave; vượt chỉ ti&ecirc;u Đại hội V đề ra.</div>\r\n<div>Nổi bật, tham gia đ&oacute;ng g&oacute;p quan trọng v&agrave;o sự nghiệp đ&agrave;o tạo, ph&aacute;t triển nguồn nh&acirc;n lực chất lượng cao cho đất nước v&agrave; Thủ đ&ocirc;, ĐHQGHN đ&atilde; khẳng định được vị thế vượt trội trong hệ thống gi&aacute;o dục đại học Việt Nam. Ba năm li&ecirc;n tục gần đ&acirc;y lu&ocirc;n nằm trong nh&oacute;m 801-1.000 v&agrave; một số lĩnh vực khoa học nằm trong nh&oacute;m 500 c&aacute;c trường đại học h&agrave;ng đầu thế giới. Đặc biệt, ng&agrave;y 24/6/2020, theo xếp hạng của tổ chức QS đối với c&aacute;c trường đại học c&oacute; thời gian th&agrave;nh lập dưới 50 năm, ĐHQGHN lần đầu ti&ecirc;n c&oacute; mặt trong nh&oacute;m 101-150 c&aacute;c trường đại học c&oacute; chất lượng gi&aacute;o dục h&agrave;ng đầu tr&ecirc;n thế giới.</div>\r\n<div>Ngo&agrave;i ra, hoạt động của bộ m&aacute;y quản l&yacute;, điều h&agrave;nh c&aacute;c cấp c&oacute; nhiều chuyển biến, trong đ&oacute; tiếp tục triển khai tốt cơ chế quản trị theo sản phẩm đầu ra. 5 năm qua, quy m&ocirc;, tầm v&oacute;c của ĐHQGHN đ&atilde; lớn mạnh một bước quan trọng cả về tổng số đơn vị th&agrave;nh vi&ecirc;n, ng&agrave;nh nghề đ&agrave;o tạo, số lượng c&aacute;n bộ, quy m&ocirc; sinh vi&ecirc;n, nguồn lực t&agrave;i ch&iacute;nh, cơ sở vật chất, ảnh hưởng trong nước v&agrave; quốc tế c&oacute; sự gia tăng mạnh. B&ecirc;n cạnh đ&oacute;, ĐHQGHN đ&atilde; c&oacute; nhiều s&aacute;ng kiến, đi ti&ecirc;n phong m&agrave; nổi bật l&agrave; trong đổi mới c&ocirc;ng t&aacute;c tuyển sinh đại học, sau đại học theo phương thức hiện đại của thế giới. Ti&ecirc;n phong đổi mới, n&acirc;ng cao chất lượng đ&agrave;o tạo tiến sĩ theo th&ocirc;ng lệ quốc tế. Ti&ecirc;n phong trong quy hoạch v&agrave; đổi mới, chuyển dịch cơ cấu ng&agrave;nh, nghề theo hướng gắn với nhu cầu x&atilde; hội; yếu tố khởi nghiệp được đề cao; h&igrave;nh th&agrave;nh một số m&ocirc; h&igrave;nh đ&agrave;o tạo đặc sắc, ri&ecirc;ng c&oacute;.</div>\r\n<div>\r\n<table class=\"picture\" cellspacing=\"0\" cellpadding=\"0\">\r\n<tbody>\r\n<tr>\r\n<td class=\"pic\">\r\n<div class=\"box_img_detail\"><center>\r\n<div class=\"item_gallery\" style=\"margin: 0px 0px 12px; padding: 0px; list-style: none; outline: 0px; line-height: 23px !important; box-sizing: border-box; border: 0px; font-size: 16px !important; vertical-align: baseline; background: transparent; font-family: Helvetica, sans-serif !important;\" data-src=\"http://cdn.kinhtedothi.vn/560/2020/8/16/dea99b68eecd12934bdc.jpg\" data-sub-html=\"&lt;div class=\'sapo_slide\'&gt;&nbsp;C&aacute;c đại biểu tham dự Đại hội.&lt;/div&gt;\"><a class=\"thumb_detail\"><img class=\"img-responsive\" src=\"http://cdn.kinhtedothi.vn/560/2020/8/16/dea99b68eecd12934bdc.jpg\" /></a><span class=\"note_images\">&nbsp;C&aacute;c đại biểu tham dự Đại hội.</span></div>\r\n</center></div>\r\n</td>\r\n</tr>\r\n</tbody>\r\n</table>\r\n</div>\r\n<div>Đ&aacute;ng ch&uacute; &yacute;, ĐHQGHN đ&atilde; x&aacute;c định được hướng đi đ&uacute;ng trong việc x&acirc;y dựng đội ngũ c&aacute;n bộ m&agrave; n&ograve;ng cốt l&agrave; đội ngũ gi&aacute;o sư, ph&oacute; gi&aacute;o sư, tiến sĩ với số lượng đ&ocirc;ng đảo v&agrave; c&oacute; tr&igrave;nh độ cao. Đến nay, tỉ lệ c&aacute;n bộ c&oacute; tr&igrave;nh độ tiến sĩ trong to&agrave;n ĐHQGHN đạt 58% v&agrave; ri&ecirc;ng đối với c&aacute;c lĩnh vực khoa học tự nhi&ecirc;n, c&ocirc;ng nghệ, kinh tế đạt tr&ecirc;n 70%; tỉ lệ gi&aacute;o sư, ph&oacute; gi&aacute;o sư đạt 19% tr&ecirc;n tổng số c&aacute;n bộ khoa học. Đ&acirc;y thực sự l&agrave; t&agrave;i sản qu&yacute; gi&aacute; kh&ocirc;ng chỉ của ri&ecirc;ng ĐHQGHN m&agrave; l&agrave; niềm tự h&agrave;o của đất nước v&agrave; Thủ đ&ocirc;; l&agrave; yếu tố quyết định cho sự ph&aacute;t triển ĐHQGHN v&agrave; tham gia đ&oacute;ng g&oacute;p c&oacute; hiệu quả v&agrave;o sự nghiệp x&acirc;y dựng, bảo vệ Tổ quốc, Thủ đ&ocirc;&hellip;</div>\r\n<div>Với phương ch&acirc;m &ldquo;Đổi mới s&aacute;ng tạo &ndash; Tr&aacute;ch nhiệm quốc gia &ndash; Ph&aacute;t triển bền vững&rdquo;, Đại hội đại biểu lần thứ VI Đảng bộ ĐHQGHN đ&atilde; đề ra mục ti&ecirc;u x&acirc;y dựng Đảng bộ gương mẫu, trong sạch, vững mạnh, c&oacute; sức chiến đấu v&agrave; khả năng l&atilde;nh đạo, dẫn dắt cao. Chỉ ti&ecirc;u phấn đấu đến năm 2025 sẽ c&oacute; quy m&ocirc; đ&agrave;o tạo đại học với 50.000 sinh vi&ecirc;n; tỷ lệ giảng vi&ecirc;n tr&igrave;nh độ tiến sĩ tr&ecirc;n tổng số giảng vi&ecirc;n cơ hữu đạt 70%; tỷ lệ giảng vi&ecirc;n c&oacute; chức danh gi&aacute;o sư, ph&oacute; gi&aacute;o sư tr&ecirc;n tổng số giảng vi&ecirc;n cơ hữu đạt 25%; v&agrave;o nh&oacute;m 100 đại học h&agrave;ng đầu ch&acirc;u &Aacute; v&agrave; nh&oacute;m 500 đại học h&agrave;ng đầu thế giới.</div>\r\n<div><strong>Đổi mới để ph&aacute;t triển th&agrave;nh đại học nghi&ecirc;n cứu&nbsp;ngang tầm khu vực, quốc tế</strong></div>\r\n<div>Ph&aacute;t biểu chỉ đạo tại Đại hội, B&iacute; thư Th&agrave;nh ủy Vương Đ&igrave;nh Huệ biểu dương v&agrave; ch&uacute;c mừng những th&agrave;nh t&iacute;ch m&agrave; ĐHQGHN đ&atilde; đạt được trong giai đoạn vừa qua. Đồng ch&iacute; cũng chỉ ra một số kh&oacute; khăn, hạn chế v&agrave; đề nghị Đại hội tổng hợp, ph&acirc;n t&iacute;ch đ&aacute;nh gi&aacute; nguy&ecirc;n nh&acirc;n kh&aacute;ch quan, chủ quan, nhất l&agrave; nguy&ecirc;n nh&acirc;n chủ quan để đề xuất giải ph&aacute;p khắc phục trong nhiệm kỳ tới.&nbsp;</div>\r\n<div>&nbsp;\r\n<table class=\"picture\" cellspacing=\"0\" cellpadding=\"0\">\r\n<tbody>\r\n<tr>\r\n<td class=\"pic\">\r\n<div class=\"box_img_detail\"><center>\r\n<div class=\"item_gallery\" style=\"margin: 0px 0px 12px; padding: 0px; list-style: none; outline: 0px; line-height: 23px !important; box-sizing: border-box; border: 0px; font-size: 16px !important; vertical-align: baseline; background: transparent; font-family: Helvetica, sans-serif !important;\" data-src=\"http://cdn.kinhtedothi.vn/560/2020/8/16/df9d97bc0919f547ac08.jpg\" data-sub-html=\"&lt;div class=\'sapo_slide\'&gt;&nbsp;PGS.TS Nguyễn Kim Sơn, B&iacute; thư Đảng ủy, Gi&aacute;m đốc Đại học Quốc gia H&agrave; Nội ph&aacute;t biểu khai mạc Đại hội.&lt;/div&gt;\"><a class=\"thumb_detail\"><img class=\"img-responsive\" src=\"http://cdn.kinhtedothi.vn/560/2020/8/16/df9d97bc0919f547ac08.jpg\" /></a><span class=\"note_images\">&nbsp;PGS.TS Nguyễn Kim Sơn, B&iacute; thư Đảng ủy, Gi&aacute;m đốc Đại học Quốc gia H&agrave; Nội ph&aacute;t biểu khai mạc Đại hội.</span></div>\r\n</center></div>\r\n</td>\r\n</tr>\r\n</tbody>\r\n</table>\r\n</div>\r\n<div>Để x&acirc;y dựng Đảng bộ ĐHQGHN thật sự trong sạch, vững mạnh trong nhiệm kỳ tới, B&iacute; thư Th&agrave;nh ủy đề nghị, mỗi chi bộ v&agrave; to&agrave;n Đảng bộ trước hết cần l&agrave;m tốt c&ocirc;ng t&aacute;c gi&aacute;o dục ch&iacute;nh trị, tư tưởng - nền tảng của sự thống nhất trong nhận thức v&agrave; h&agrave;nh động. Cụ thể, trong c&ocirc;ng t&aacute;c gi&aacute;o dục ch&iacute;nh trị, tư tưởng của to&agrave;n Đảng bộ, cần coi đ&acirc;y l&agrave; điểm tựa để triển khai nhiệm vụ x&acirc;y dựng Đảng vững mạnh to&agrave;n diện. Trong qu&aacute; tr&igrave;nh gi&aacute;o dục người học, mỗi thầy gi&aacute;o, c&ocirc; gi&aacute;o, c&aacute;n bộ quản l&yacute; cũng tự soi lại bản th&acirc;n m&igrave;nh, r&egrave;n luyện m&igrave;nh nhằm n&acirc;ng cao &yacute; thức tr&aacute;ch nhiệm người thầy trong sự nghiệp &ldquo;trồng người&rdquo; cao qu&yacute;. Bởi, đ&acirc;y l&agrave; căn cứ thực tiễn để đ&aacute;nh gi&aacute; mức độ ho&agrave;n th&agrave;nh nhiệm vụ ch&iacute;nh trị của mỗi c&aacute;n bộ, đảng vi&ecirc;n.</div>\r\n<div>\"C&aacute;n bộ, giảng vi&ecirc;n, nh&agrave; khoa học của ĐHQGHN kh&ocirc;ng chỉ l&agrave; những tr&iacute; thức bậc cao, xuất sắc về chuy&ecirc;n m&ocirc;n m&agrave; c&ograve;n phải l&agrave; những c&aacute;n bộ, c&ocirc;ng d&acirc;n gương mẫu, c&oacute; tư tưởng ch&iacute;nh trị vững v&agrave;ng; lu&ocirc;n nu&ocirc;i dưỡng l&yacute; tưởng, kh&aacute;t vọng cống hiến, t&iacute;ch cực tham gia đ&oacute;ng g&oacute;p cho sự ph&aacute;t triển nhanh, bền vững của đất nước v&agrave; Thủ đ&ocirc;\" - B&iacute; thư Th&agrave;nh ủy nhấn mạnh.&nbsp;&nbsp;</div>\r\n<div>B&iacute; thư Th&agrave;nh ủy cũng y&ecirc;u cầu, ĐHQGHN cần tiếp tục ph&aacute;t huy kết quả, th&agrave;nh t&iacute;ch đ&atilde; đạt được, thực hiện tốt vai tr&ograve; l&agrave; n&ograve;ng cốt cho hệ thống gi&aacute;o dục đại học, sau đại học v&agrave; nghi&ecirc;n cứu ph&aacute;t triển khoa học, c&ocirc;ng nghệ của quốc gia. Trong đ&agrave;o tạo, cần tập trung đ&agrave;o tạo, n&acirc;ng cao chất lượng nguồn nh&acirc;n lực chất lượng cao đ&aacute;p ứng y&ecirc;u cầu chuyển đổi số quốc gia, hội nhập quốc tế v&agrave; c&aacute;ch mạng c&ocirc;ng nghiệp 4.0. Trong hoạt động khoa học v&agrave; c&ocirc;ng nghệ, phải thực sự l&agrave; trung t&acirc;m đổi mới s&aacute;ng tạo, ứng dụng v&agrave; chuyển giao c&ocirc;ng nghệ lớn, h&agrave;ng đầu đất nước; tham gia t&iacute;ch cực v&agrave;o &ldquo;Mạng lưới s&aacute;ng kiến H&agrave; Nội&rdquo; sẽ được thiết lập trong thời gian tới.&nbsp;</div>\r\n<div>Ngo&agrave;i ra, ĐHQGHN cần ph&aacute;t triển theo m&ocirc; h&igrave;nh đại học kiểu mới hiện đại, c&oacute; cơ chế tự chủ cao v&agrave; hệ thống quản trị ti&ecirc;n tiến. Đồng thời, cần phải c&oacute; biện ph&aacute;p, giải ph&aacute;p cụ thể, hết sức căn cơ để tăng cơ cấu v&agrave; tỷ lệ c&aacute;n bộ khoa học tr&igrave;nh độ cao. Đặc biệt l&agrave; đội ngũ c&aacute;n bộ khoa học đầu ng&agrave;nh, chuy&ecirc;n gia giỏi c&oacute; tầm ảnh hưởng quốc tế nhằm sớm ph&aacute;t triển th&agrave;nh Đại học nghi&ecirc;n cứu ti&ecirc;n tiến c&oacute; uy t&iacute;n trong khu vực v&agrave; tr&ecirc;n thế giới.</div>\r\n<div>\r\n<table class=\"picture\" cellspacing=\"0\" cellpadding=\"0\">\r\n<tbody>\r\n<tr>\r\n<td class=\"pic\">\r\n<div class=\"box_img_detail\"><center>\r\n<div class=\"item_gallery\" style=\"margin: 0px 0px 12px; padding: 0px; list-style: none; outline: 0px; line-height: 23px !important; box-sizing: border-box; border: 0px; font-size: 16px !important; vertical-align: baseline; background: transparent; font-family: Helvetica, sans-serif !important;\" data-src=\"http://cdn.kinhtedothi.vn/560/2020/8/16/78597271f4d4088a51c5.jpg\" data-sub-html=\"&lt;div class=\'sapo_slide\'&gt;&nbsp;B&iacute; thư Th&agrave;nh ủy Vương Đ&igrave;nh Huệ c&ugrave;ng c&aacute;c đồng ch&iacute; l&atilde;nh đạo T.Ư, TP tặng hoa ch&uacute;c mừng Đại hội.&lt;/div&gt;\"><a class=\"thumb_detail\"><img class=\"img-responsive\" src=\"http://cdn.kinhtedothi.vn/560/2020/8/16/78597271f4d4088a51c5.jpg\" /></a><span class=\"note_images\">&nbsp;B&iacute; thư Th&agrave;nh ủy Vương Đ&igrave;nh Huệ c&ugrave;ng c&aacute;c đồng ch&iacute; l&atilde;nh đạo T.Ư, TP tặng hoa ch&uacute;c mừng Đại hội.</span></div>\r\n</center></div>\r\n</td>\r\n</tr>\r\n</tbody>\r\n</table>\r\n</div>\r\n<div>Đ&aacute;nh gi&aacute; cao việc mục ti&ecirc;u đến năm 2025, ĐHQGHN quyết t&acirc;m lọt v&agrave;o nh&oacute;m 500 trường đại học h&agrave;ng đầu thế giới, B&iacute; thư Th&agrave;nh ủy cho rằng, để đạt được mục ti&ecirc;u n&agrave;y, ĐHQGHN cần chủ động, t&iacute;ch cực ph&aacute;t huy hết tiềm năng, thế mạnh để tăng cường c&aacute;c nguồn lực t&agrave;i ch&iacute;nh th&ocirc;ng qua c&aacute;c hoạt động hợp t&aacute;c, li&ecirc;n kết trong đ&agrave;o tạo, nghi&ecirc;n cứu v&agrave; chuyển giao tri thức ở trong nước, quốc tế. Đồng thời, năng động t&igrave;m kiếm v&agrave; huy động c&aacute;c nguồn vốn từ x&atilde; hội để đầu tư mở rộng cơ sở vật chất, hiện đại h&oacute;a trang thiết bị, ph&aacute;t triển cơ sở học liệu v&agrave; thực thi c&aacute;c ch&iacute;nh s&aacute;ch đột ph&aacute; để đ&atilde;i ngộ, trọng dụng, n&acirc;ng cao thu nhập của c&aacute;n bộ, vi&ecirc;n chức, người lao động.</div>\r\n<div>Với tư c&aacute;ch l&agrave; một Đảng bộ trực thuộc Th&agrave;nh ủy H&agrave; Nội, B&iacute; thư Th&agrave;nh ủy mong muốn, ĐHQGHN cần c&oacute; nhiều đ&oacute;ng g&oacute;p hơn nữa tương xứng với tiềm năng v&agrave; thế mạnh trong việc đ&agrave;o tạo, bồi dưỡng n&acirc;ng cao năng lực c&ocirc;ng t&aacute;c, tr&igrave;nh độ chuy&ecirc;n m&ocirc;n cho đội ngũ quản l&yacute; c&aacute;c cấp; tập huấn n&acirc;ng cao năng lực, nghiệp vụ chuy&ecirc;n m&ocirc;n cho đội ngũ gi&aacute;o vi&ecirc;n THPT của TP. Đặc biệt, tham gia x&acirc;y dựng v&agrave; triển khai c&aacute;c chủ trương ph&aacute;t triển kinh tế - x&atilde; hội, GD&amp;ĐT, KHCN, x&acirc;y dựng chiến lược, quy hoạch, quản l&yacute; đ&ocirc; thị v&agrave; giải ph&aacute;p x&acirc;y dựng H&agrave; Nội trở th&agrave;nh TP xanh, th&ocirc;ng minh, hiện đại. Đẩy mạnh v&agrave; n&acirc;ng cao hiệu quả hoạt động của Trung t&acirc;m H&agrave; Nội học v&agrave; Ph&aacute;t triển Thủ đ&ocirc;, chuyển giao c&aacute;c kết quả nghi&ecirc;n cứu, ứng dụng giải quyết c&aacute;c vấn đề cấp thiết như: &Ugrave;n tắc giao th&ocirc;ng, &ocirc; nhiễm m&ocirc;i trường, chất lượng kh&ocirc;ng kh&iacute;, an ninh nguồn nước&hellip;</div>\r\n<div>\"Th&agrave;nh phố sẽ tạo mọi điều kiện thuận lợi gi&uacute;p ĐHQGHN tiếp tục ph&aacute;t triển về mọi mặt để sớm trở th&agrave;nh đại học nghi&ecirc;n cứu ti&ecirc;n tiến, một trung t&acirc;m đại học, sau đại học, nghi&ecirc;n cứu v&agrave; chuyển giao tri thức ngang tầm khu vực, quốc tế\" - B&iacute; thư Th&agrave;nh ủy khẳng định.</div>', 'Báo Kinh tế đô thị', 'http://kinhtedothi.vn/', 2, 1, 'Bị từ chối', 'Từ chối bài viết', NULL, 0, 0);
INSERT INTO `posts` (`PostID`, `PostTitle`, `CID`, `SCID`, `UID`, `TimePost`, `SumContent`, `Content`, `source`, `linksource`, `view`, `Duyet`, `StatusPost`, `Reason`, `TimePublic`, `Premium`, `xoa`) VALUES
(10, 'Bình Phước: Bắt giữ tài xế ôtô gây tai nạn rồi bỏ chạy', 1, 2, 3, '2020-08-16 13:46:25', 'Sau khi tông mạnh vào đuôi xe máy khiến chị Oanh và xe máy bị văng lên phía trước hàng chục mét, tài xế xe ôtô không dừng lại mà tiếp tục tăng ga, bỏ mặc nạn nhân nằm bất tỉnh tại hiện trường.', '<p><img src=\"https://cdnimg.vietnamplus.vn/t620/uploaded/pcfo/2020_08_16/ttxvn_1608_tai_xe.jpg\" alt=\"Binh Phuoc: Bat giu tai xe oto gay tai nan roi bo chay hinh anh 1\" /></p>\r\n<p>S&aacute;ng 16/8, Đội Cảnh s&aacute;t h&igrave;nh sự, C&ocirc;ng an huyện Đồng Ph&uacute; (B&igrave;nh Phước) phối hợp với lực lượng Cảnh s&aacute;t giao th&ocirc;ng đ&atilde; chặn bắt được Nguyễn Đắc An (42 tuổi, ngụ huyện Cẩm Mỹ, tỉnh Đồng Nai), để điều tra, xử l&yacute; về h&agrave;nh vi&nbsp;<a href=\"https://www.vietnamplus.vn/tags/g%c3%a2y-tai-n%e1%ba%a1n-giao-th%c3%b4ng-r%e1%bb%93i-b%e1%bb%8f-ch%e1%ba%a1y.vnp\"><strong>g&acirc;y tai nạn giao th&ocirc;ng rồi bỏ chạy</strong></a>.</p>\r\n<p>Nguyễn Đắc An ch&iacute;nh l&agrave; người điều khiển xe &ocirc;t&ocirc; t&ocirc;ng v&agrave;o một phụ nữ đi xe m&aacute;y sau đ&oacute; tăng ga bỏ chạy,&nbsp;<a href=\"https://www.vietnamplus.vn/tags/b%e1%bb%8f-m%e1%ba%b7c-n%e1%ba%a1n-nh%c3%a2n-b%e1%ba%a5t-t%e1%bb%89nh.vnp\"><strong>bỏ mặc nạn nh&acirc;n bất tỉnh</strong></a>&nbsp;b&ecirc;n đường.</p>\r\n<p>Cụ thể, v&agrave;o khoảng 17 giờ ng&agrave;y 15/8, An điều khiển xe &ocirc;t&ocirc; mang biển kiểm so&aacute;t 60A-244.20, lưu th&ocirc;ng tr&ecirc;n đường ĐT.753, hướng từ M&atilde; Đ&agrave; (tỉnh Đồng Nai) đi th&agrave;nh phố Đồng Xo&agrave;i (<a href=\"https://www.vietnamplus.vn/tags/B%c3%acnh-Ph%c6%b0%e1%bb%9bc.vnp\"><strong>B&igrave;nh Phước</strong></a>).</p>\r\n<p><strong><a class=\"cms-relate\" href=\"https://www.vietnamplus.vn/truy-tim-tai-xe-dam-chet-2-nguoi-roi-bo-chay-tai-binh-duong/648700.vnp\" rel=\"\">[Truy t&igrave;m t&agrave;i xế đ&acirc;m chết 2 người rồi bỏ chạy tại B&igrave;nh Dương]</a></strong></p>\r\n<p>Đến đoạn ấp C&acirc;y Điệp, x&atilde; T&acirc;n Phước, huyện Đồng Ph&uacute;, An bất ngờ tăng ga vượt l&ecirc;n trước chiếc xe m&aacute;y do một phụ nữ t&ecirc;n Oanh, khoảng 30 tuổi (ngụ x&atilde; T&acirc;n Phước, huyện Đồng Ph&uacute;) điều khiển lưu th&ocirc;ng ph&iacute;a trước.</p>\r\n<p>Khi l&ecirc;n gần s&aacute;t đu&ocirc;i xe của chị Oanh, chiếc &ocirc;t&ocirc; bất ngờ bẻ l&aacute;i sang phải,&nbsp;<a href=\"https://www.vietnamplus.vn/tags/t%c3%b4ng-tr%e1%bb%b1c-di%e1%bb%87n.vnp\"><strong>t&ocirc;ng trực diện</strong></a>&nbsp;đầu xe &ocirc;t&ocirc; v&agrave;o xe m&aacute;y của chị Oanh.</p>\r\n<p>C&uacute; t&ocirc;ng qu&aacute; mạnh khiến chị Oanh v&agrave; xe m&aacute;y bị văng l&ecirc;n ph&iacute;a trước h&agrave;ng chục m&eacute;t, nạn nh&acirc;n bị ng&atilde; văng v&agrave;o bụi rậm b&ecirc;n đường, bất tỉnh.</p>\r\n<p>Sau khi tai nạn xảy ra, t&agrave;i xế xe &ocirc;t&ocirc; kh&ocirc;ng dừng lại m&agrave; tiếp tục tăng ga, bỏ mặc nạn nh&acirc;n nằm bất tỉnh tại hiện trường. Chị Oanh sau đ&oacute; được người d&acirc;n đưa đi cấp cứu tại Bệnh viện qu&acirc;n d&acirc;n y 16.</p>\r\n<p>To&agrave;n bộ h&igrave;nh ảnh vụ tai nạn được camera an ninh ghi lại.</p>\r\n<div class=\"article-photo\"><a class=\"photo\" href=\"https://cdnimg.vietnamplus.vn/uploaded/pcfo/2020_08_16/ttxvn_1608_tai_xe2.jpg\" data-desc=\"Chiếc xe &ocirc;t&ocirc; t&agrave;i xế An điều khiển g&acirc;y tai nạn rồi bỏ chạy. (Ảnh: Đậu Tất Th&agrave;nh/TTXVN)\" data-index=\"1\"><img class=\"cms-photo\" title=\"B&igrave;nh Phước: Bắt giữ t&agrave;i xế &ocirc;t&ocirc; g&acirc;y tai nạn rồi bỏ chạy h&igrave;nh ảnh 2\" src=\"https://cdnimg.vietnamplus.vn/t620/uploaded/pcfo/2020_08_16/ttxvn_1608_tai_xe2.jpg\" alt=\"Binh Phuoc: Bat giu tai xe oto gay tai nan roi bo chay hinh anh 2\" data-photo-original-src=\"https://cdnimg.vietnamplus.vn/t620/uploaded/pcfo/2020_08_16/ttxvn_1608_tai_xe2.jpg\" /></a>Chiếc xe &ocirc;t&ocirc; t&agrave;i xế An điều khiển g&acirc;y tai nạn rồi bỏ chạy. (Ảnh: Đậu Tất Th&agrave;nh/TTXVN)</div>\r\n<p>Sau khi tr&iacute;ch xuất camera an ninh, ngay trong đ&ecirc;m, lực lượng Cảnh s&aacute;t h&igrave;nh sự, C&ocirc;ng an huyện Đồng Ph&uacute; phối hợp với Cảnh s&aacute;t giao th&ocirc;ng tổ chức truy t&igrave;m t&agrave;i xế g&acirc;y tai nạn.</p>\r\n<p>Đến rạng s&aacute;ng 16/8, ph&aacute;t hiện t&agrave;i xế n&agrave;y đang điều khiển xe &ocirc;t&ocirc; n&oacute;i tr&ecirc;n lưu th&ocirc;ng tr&ecirc;n đường ĐT.741, hướng từ x&atilde; Tiến Hưng, th&agrave;nh phố Đồng Xo&agrave;i đi Th&agrave;nh phố Hồ Ch&iacute; Minh, lực lượng chức năng liền tổ chức c&aacute;c chốt chặn, v&acirc;y bắt.</p>\r\n<p>Sau gần 20km truy đuổi, đến khu vực trạm thu ph&iacute; x&atilde; T&acirc;n Lập, huyện Đồng Ph&uacute;, lực lượng chức năng đ&atilde; chặn bắt được t&agrave;i xế v&agrave; chiếc xe g&acirc;y tai nạn đưa về trụ sở C&ocirc;ng an xử l&yacute;.</p>\r\n<p>Vụ việc đang được C&ocirc;ng an huyện Đồng Ph&uacute; tiếp tục điều tra, l&agrave;m r&otilde;./.</p>', 'Báo VietNamPlus', 'https://www.vietnamplus.vn/', 1, 3, 'Đã xuất bản', '', '2020-08-16 13:52:00', 0, 0),
(11, 'Truy tìm xe container cán chết 2 người ở Đồng Nai rồi tăng ga bỏ trốn', 1, 2, 3, '2020-08-16 13:48:00', 'Sau khi cán chết đôi nam nữ đi xe máy ở Đồng Nai, xe container không dừng lại mà tăng ga bỏ chạy khỏi hiện trường.', '<p class=\"t-j\">C&ocirc;ng an huyện Long Th&agrave;nh (tỉnh Đồng Nai) s&aacute;ng 16/8 cho biết, đang điều tra nguy&ecirc;n nh&acirc;n vụ&nbsp;<a href=\"https://vietnamnet.vn/tai-nan-giao-thong-tag52274.html\">tai nạn</a>&nbsp;khiến 2 người tử vong, đồng thời truy t&igrave;m xe container g&acirc;y tai nạn bỏ trốn khỏi hiện trường.</p>\r\n<table class=\"FmsArticleBoxStyle ImageBox ImageCenterBox Border-1 image\">\r\n<tbody>\r\n<tr>\r\n<td class=\"FmsArticleBoxStyle-Images image \"><a class=\"slidevnn cboxElement\" title=\"Hiện trường vụ tai nạn khiến 2 người tử vong\" href=\"https://vnn-imgs-f.vgcloud.vn/2020/08/16/12/xe-container-can-chet-doi-nam-nu-o-dong-nai-roi-bo-tron.jpg\"><img src=\"https://vnn-imgs-f.vgcloud.vn/2020/08/16/12/xe-container-can-chet-doi-nam-nu-o-dong-nai-roi-bo-tron.jpg\" alt=\"Truy t&igrave;m xe container c&aacute;n chết 2 người ở Đồng Nai rồi tăng ga bỏ trốn\" /></a></td>\r\n</tr>\r\n<tr>\r\n<td class=\"FmsArticleBoxStyle-Content image_desc\">Hiện trường vụ tai nạn khiến 2 người tử vong</td>\r\n</tr>\r\n</tbody>\r\n</table>\r\n<p class=\"t-j\">Vụ tai nạn xảy ra tối 15/8 tại ng&atilde; 4 Lộc An (x&atilde; Lộc An, huyện Long Th&agrave;nh).</p>\r\n<p>Nạn nh&acirc;n được x&aacute;c định l&agrave; anh Nguyễn Văn Đấu (SN 1999) v&agrave; chị Nguyễn Thị Ngọc Kiều (SN 1992, c&ugrave;ng ngụ Tiền Giang).</p>\r\n<p class=\"t-j\">Th&ocirc;ng tin ban đầu, 2 nạn nh&acirc;n chở nhau tr&ecirc;n xe m&aacute;y&nbsp;di chuyển tr&ecirc;n&nbsp;tỉnh lộ 769 hướng về quốc lộ 51. Khi đi băng qua quốc lộ 51 (ng&atilde; 4 Lộc An, x&atilde; Lộc An) th&igrave; xảy ra va chạm với xe container chạy hướng Long Th&agrave;nh-Nhơn Trạch.</p>\r\n<p class=\"t-j\">C&uacute; t&ocirc;ng mạnh khiến xe m&aacute;y lọt v&agrave;o gầm xe container, 2 nạn nh&acirc;n ng&atilde; xuống đường bị b&aacute;nh xe c&aacute;n qua người tử vong tại chỗ.</p>\r\n<div class=\"box-taitro clearfix\">\r\n<div class=\"VnnAdsPos clearfix\" data-pos=\"vt_detail_sponsor_center\">&nbsp;</div>\r\n</div>\r\n<p class=\"t-j\">Sau tai nạn xe container kh&ocirc;ng dừng lại m&agrave; tăng ga bỏ chạy khỏi hiện trường.</p>\r\n<p class=\"t-j\">Đến rạng s&aacute;ng nay, C&ocirc;ng an huyện Long Th&agrave;nh đ&atilde; ho&agrave;n tất kh&aacute;m nghiệm hiện trường, tr&iacute;ch xuất camera quanh hiện trường để truy t&igrave;m xe container g&acirc;y tai nạn.</p>', 'VietNamNet', 'https://vietnamnet.vn/', 0, 3, 'Đã xuất bản', '', '2020-08-17 13:51:00', 0, 0),
(12, 'Lai Châu: \'Hố tử thần\' xuất hiện trong đêm, 3 hộ dân phải sơ tán gấp', 1, 2, 3, '2020-08-16 13:50:06', 'Xung quanh hố caster là tường nhà, hàng rào của các nhà dân đều bị nứt, trong đó 3 hộ có nhà bị nghiêng, hư hỏng nặng và phải sơ tán gấp trong đêm.', '<p><img src=\"https://cdnimg.vietnamplus.vn/t620/uploaded/pcfo/2020_08_16/1608_ho_caster.jpg\" alt=\"Lai Chau: \'Ho tu than\' xuat hien trong dem, 3 ho dan phai so tan gap hinh anh 1\" /></p>\r\n<p>&nbsp;</p>\r\n<p>Khoảng 23 giờ ng&agrave;y 15/8, tại khu vực Quốc lộ 4D cũ, thuộc địa phận bản S&ugrave;ng Ch&ocirc;, x&atilde; S&ugrave;ng Ph&agrave;i, th&agrave;nh phố Lai Ch&acirc;u (tỉnh Lai Ch&acirc;u) đ&atilde; xảy ra hiện tượng sụt l&uacute;n hố caster&nbsp;lớn, khiến 3&nbsp;<a href=\"https://www.vietnamplus.vn/tags/h%e1%bb%99-d%c3%a2n-ph%e1%ba%a3i-s%c6%a1-t%c3%a1n.vnp\"><strong>hộ d&acirc;n phải sơ t&aacute;n</strong></a>&nbsp;đến nơi an to&agrave;n ngay trong đ&ecirc;m.</p>\r\n<p>Hiện trường hố caster&nbsp;sụt c&oacute; chiều d&agrave;i khoảng 11m, rộng hơn 4m v&agrave; s&acirc;u 4m tr&ecirc;n Quốc lộ 4D cũ.</p>\r\n<p>Hố caster&nbsp;đ&atilde; l&agrave;m tụt s&acirc;u 1 c&acirc;y xanh v&agrave; một cột điện, g&acirc;y mất điện cho c&aacute;c hộ d&acirc;n tr&ecirc;n địa b&agrave;n.</p>\r\n<p>Xung quanh&nbsp;<a href=\"https://www.vietnamplus.vn/tags/h%e1%bb%91-caster.vnp\"><strong>hố caster</strong></a>&nbsp;l&agrave; tường nh&agrave;, h&agrave;ng r&agrave;o của c&aacute;c nh&agrave; d&acirc;n đều bị nứt, trong đ&oacute; 3 hộ c&oacute; nh&agrave; bị nghi&ecirc;ng, hư hỏng nặng v&agrave; phải sơ t&aacute;n gấp trong đ&ecirc;m.</p>\r\n<p><strong><a class=\"cms-relate\" href=\"https://www.vietnamplus.vn/ho-tu-than-gay-do-nha-cua-khien-nguoi-dan-my-duc-hoang-mang/597011.vnp\" rel=\"\">[\'Hố tử thần\' g&acirc;y đổ nh&agrave; cửa khiến người d&acirc;n Mỹ Đức hoang mang]</a></strong></p>\r\n<p>B&agrave; H&agrave;ng Thị Cha, bản S&ugrave;ng Ch&ocirc;, x&atilde; S&ugrave;ng Ph&agrave;i cho biết: &ldquo;Thời điểm xảy ra sụt l&uacute;n gia đ&igrave;nh t&ocirc;i đang ngủ, th&igrave; nghe thấy tiếng động mạnh b&ecirc;n ngo&agrave;i, nh&agrave; rung lắc. L&uacute;c n&agrave;y c&aacute;c th&agrave;nh vi&ecirc;n trong gia đ&igrave;nh đều sợ h&atilde;i v&agrave; chạy ra khỏi nh&agrave;. Ngay sau đ&oacute;, gia đ&igrave;nh t&ocirc;i v&agrave; hai hộ d&acirc;n kh&aacute;c nhanh ch&oacute;ng sơ t&aacute;n trong đ&ecirc;m.&rdquo;</p>\r\n<p>Sau khi nhận được th&ocirc;ng tin, c&aacute;c lực lượng chức năng th&agrave;nh phố Lai Ch&acirc;u đ&atilde; huy động m&aacute;y m&oacute;c, nh&acirc;n lực tập trung khắc phục. Tuy nhi&ecirc;n, do tr&ecirc;n địa b&agrave;n vẫn c&oacute; mưa, đất, đ&aacute; vẫn tiếp tục tụt xuống s&acirc;u v&agrave; rộng hơn, g&acirc;y kh&oacute; khăn cho c&ocirc;ng t&aacute;c khắc phục.</p>\r\n<p>Trước mắt, th&agrave;nh phố Lai Ch&acirc;u đ&atilde; vận động 3 hộ d&acirc;n ra khỏi&nbsp;<a href=\"https://www.vietnamplus.vn/tags/v%c3%b9ng-s%e1%ba%a1t-l%e1%bb%9f.vnp\"><strong>v&ugrave;ng sạt lở</strong></a>, để đảm bảo an to&agrave;n t&iacute;nh mạng.</p>\r\n<p>Khu vực c&aacute;c bản v&ugrave;ng thấp, x&atilde; S&ugrave;ng Ph&agrave;i (x&atilde; Nậm Loỏng cũ) quanh&nbsp;<a href=\"https://www.vietnamplus.vn/tags/Qu%e1%bb%91c-l%e1%bb%99-4D-c%c5%a9.vnp\"><strong>Quốc lộ 4D cũ</strong></a>&nbsp;v&agrave; đường 58m của th&agrave;nh phố Lai Ch&acirc;u được cơ quan chức năng đ&aacute;nh gi&aacute; c&oacute; nền địa chất yếu. M&ugrave;a mưa năm n&agrave;o ở khu vực n&agrave;y cũng xảy ra sụt l&uacute;n hố caster, g&acirc;y thiệt hại lớn về t&agrave;i sản của Nh&agrave; nước v&agrave; nh&acirc;n d&acirc;n.</p>\r\n<p>Trước t&igrave;nh trạng sụt l&uacute;n tr&ecirc;n, h&agrave;ng năm, ch&iacute;nh quyền th&agrave;nh phố Lai Ch&acirc;u đ&atilde; khoanh v&ugrave;ng, tuy&ecirc;n truyền, vận động nh&acirc;n d&acirc;n kh&ocirc;ng x&acirc;y dựng nh&agrave; trong khu vực nguy cơ sụt l&uacute;n, nếu x&acirc;y dựng nh&agrave; phải đảm bảo gia cố chắc chắn nền m&oacute;ng để ph&ograve;ng, chống sụt l&uacute;n, giảm tối đa thiệt hại về người v&agrave; t&agrave;i sản cho nh&acirc;n d&acirc;n./.</p>', 'VietNamPlus', 'https://www.vietnamplus.vn/', 0, 3, 'Đã xuất bản', '', '2020-08-16 22:33:00', 0, 0),
(17, 'Quảng Nam vẫn triển khai các biện pháp cấp bách phòng, chống COVID-19', 4, 7, 4, '2020-08-16 22:16:25', 'Để thực hiện nghiêm các biện pháp cấp bách phòng, chống dịch COVID-19, Quảng Nam ban hành Công văn về phát huy hơn vai trò nêu gương của cán bộ, đảng viên, trách nhiệm người đứng đầu trong việc này.', '<p>Ng&agrave;y 16/8, Ban Chỉ đạo ph&ograve;ng, chống dịch COVID-19 tỉnh Quảng Nam đ&atilde; th&ocirc;ng tin nhanh về một số nội dung li&ecirc;n quan đến c&ocirc;ng t&aacute;c ph&ograve;ng, chống dịch tr&ecirc;n địa b&agrave;n tỉnh.</p>\r\n<p>Để thực hiện nghi&ecirc;m c&aacute;c biện ph&aacute;p cấp b&aacute;ch trong c&ocirc;ng t&aacute;c ph&ograve;ng, chống&nbsp;<a href=\"https://www.vietnamplus.vn/tags/d%e1%bb%8bch-COVID-19.vnp\"><strong>dịch COVID-19</strong></a>, Ủy ban Nh&acirc;n d&acirc;n tỉnh Quảng Nam ban h&agrave;nh C&ocirc;ng văn số 4730/UBND-KGVX về việc ph&aacute;t huy hơn nữa vai tr&ograve; n&ecirc;u gương của c&aacute;n bộ, đảng vi&ecirc;n v&agrave; tr&aacute;ch nhiệm của người đứng đầu trong c&ocirc;ng t&aacute;c ph&ograve;ng, chống dịch CO VID-19.</p>\r\n<p>Cụ thể, Ph&oacute; Chủ tịch Ủy ban Nh&acirc;n d&acirc;n tỉnh&nbsp;<a href=\"https://www.vietnamplus.vn/tags/Qu%e1%ba%a3ng-Nam.vnp\"><strong>Quảng Nam</strong></a>&nbsp;Trần Văn T&acirc;n y&ecirc;u cầu c&aacute;c sở, ban, ng&agrave;nh, đo&agrave;n thể của tỉnh v&agrave; Ủy ban Nh&acirc;n d&acirc;n c&aacute;c huyện, thị x&atilde;, th&agrave;nh phố tiếp tục qu&aacute;n triệt v&agrave; y&ecirc;u cầu c&aacute;n bộ, đảng vi&ecirc;n, c&ocirc;ng chức, vi&ecirc;n chức, người lao động tại cơ quan, đơn vị m&igrave;nh thực hiện thật nghi&ecirc;m c&aacute;c chỉ đạo về c&aacute;c biện ph&aacute;p cấp b&aacute;ch n&oacute;i chung v&agrave; ph&aacute;t huy vai tr&ograve; n&ecirc;u gương của c&aacute;n bộ, đảng vi&ecirc;n n&oacute;i ri&ecirc;ng trong ph&ograve;ng, chống dịch COVID-19.</p>\r\n<p>Đồng thời, y&ecirc;u cầu tất cả c&aacute;n bộ, đảng vi&ecirc;n, c&ocirc;ng chức, vi&ecirc;n chức, người lao động đang l&agrave;m việc tại c&aacute;c cơ quan Đảng, Nh&agrave; nước, Mặt trận Tổ quốc v&agrave; c&aacute;c hội, đo&agrave;n thể từ tỉnh đến cơ sở c&oacute; gia đ&igrave;nh tại Đ&agrave; Nẵng chưa được về nh&agrave; trong thời gian dịch diễn biến phức tạp, khi th&agrave;nh phố Đ&agrave; Nẵng đang phải thực hiện&nbsp;<a href=\"https://www.vietnamplus.vn/tags/c%c3%a1ch-ly-x%c3%a3-h%e1%bb%99i.vnp\"><strong>c&aacute;ch ly x&atilde; hội</strong></a>&nbsp;theo đ&uacute;ng tinh thần Chỉ thị số 16/CT-TTg ng&agrave;y 31/3/2020 của Thủ tướng Ch&iacute;nh phủ.</p>\r\n<p>Trường hợp đặc biệt, phải b&aacute;o c&aacute;o v&agrave; được sự thống nhất của Ban Thường vụ Tỉnh ủy hoặc Trưởng Ban Chỉ đạo cấp tỉnh ph&ograve;ng, chống dịch COVID-19 v&agrave; thủ trưởng c&aacute;c cơ quan, đơn vị phải chịu tr&aacute;ch nhiệm về vấn đề n&agrave;y.</p>\r\n<p><a class=\"cms-relate\" href=\"https://www.vietnamplus.vn/quang-nam-tiep-tuc-cach-ly-xa-hoi-nhieu-dia-phuong-co-ca-mac-covid19/657501.vnp\" rel=\"\"><strong>[Quảng Nam: Tiếp tục c&aacute;ch ly x&atilde; hội nhiều địa phương c&oacute; ca mắc COVID-19]</strong></a></p>\r\n<p>Ủy ban Nh&acirc;n d&acirc;n tỉnh Quảng Nam đ&atilde; cử 6 đo&agrave;n gi&aacute;m s&aacute;t, điều tra truy vết&nbsp;<a href=\"https://www.vietnamplus.vn/tags/l%e1%ba%a5y-m%e1%ba%abu-x%c3%a9t-nghi%e1%bb%87m.vnp\"><strong>lấy mẫu x&eacute;t nghiệm</strong></a>&nbsp;tất cả c&aacute;c trường hợp F1, F2 theo đ&uacute;ng quy định. Đồng thời, tiến h&agrave;nh xử l&yacute; m&ocirc;i trường tại c&aacute;c khu c&aacute;ch ly tập trung v&agrave; một số khu vực tr&ecirc;n địa b&agrave;n th&agrave;nh phố Tam Kỳ, Hội An, thị x&atilde; Điện B&agrave;n v&agrave; c&aacute;c huyện Ti&ecirc;n Phước, Đại Lộc, Thăng B&igrave;nh, Quế Sơn.</p>\r\n<p>Trước đ&oacute;, được sự chỉ đạo của Ủy ban Nh&acirc;n d&acirc;n tỉnh v&agrave; Sở Y tế tỉnh Quảng Nam, Bệnh viện Đa khoa khu vực miền n&uacute;i ph&iacute;a Bắc Quảng Nam đ&atilde; tiếp nhận 95 bệnh nh&acirc;n từ Bệnh viện Đ&agrave; Nẵng chuyển về chữa trị. Trong số 95 bệnh nh&acirc;n n&agrave;y c&oacute; nhiều bệnh nh&acirc;n suy h&ocirc; hấp phải thở m&aacute;y, lọc m&aacute;u li&ecirc;n tục v&agrave; nhiều bệnh nặng k&egrave;m như h&ocirc;n m&ecirc;, nhiễm tr&ugrave;ng, suy tim, suy thận, suy kiệt, đ&aacute;i th&aacute;o đường, tăng huyết &aacute;p.</p>\r\n<p>Qua 14 ng&agrave;y điều trị, với sự nỗ lực cứu chữa của 150 y, b&aacute;c sỹ tại Bệnh viện Đa khoa khu vực miền n&uacute;i ph&iacute;a Bắc Quảng Nam, tất cả bệnh nh&acirc;n đ&atilde; được lấy mẫu x&eacute;t nghiệm v&agrave; đều cho kết quả &acirc;m t&iacute;nh với SARS-CoV-2 lần thứ 3.</p>\r\n<p>Ng&agrave;y 16/8, bệnh viện đ&atilde; điều trị khỏi v&agrave; cho xuất viện 70 bệnh nh&acirc;n, 25 bệnh nh&acirc;n c&ograve;n lại c&oacute; bệnh nền rất nặng phải thở m&aacute;y, lọc m&aacute;u li&ecirc;n tục n&ecirc;n vẫn tiếp tục được điều trị.</p>\r\n<p>Hiện, tỉnh Quảng Nam đ&atilde; triển khai thực hiện 60.056 mẫu x&eacute;t nghiệm, trong đ&oacute; c&oacute; 90 mẫu dương t&iacute;nh với SARS-CoV-2, 54.550 mẫu &acirc;m t&iacute;nh v&agrave; 5.416 mẫu đang chờ kết quả./</p>', 'vietnamplus', 'https://www.vietnamplus.vn/', 0, 3, 'Đã xuất bản', '', '2020-08-16 22:33:00', 0, 0),
(18, 'Đưa thêm 340 công dân Việt Nam từ Canada về nước an toàn', 5, 11, 4, '2020-08-16 22:17:59', 'Theo thông tin từ Bộ Ngoại giao, trong hai ngày 15 và 16-8, các cơ quan chức năng Việt Nam, các cơ quan đại diện Việt Nam tại Canada, Hãng hàng không quốc gia Việt Nam đã phối hợp với các cơ quan chức năng Canada đưa 340 công dân Việt Nam về nước an toàn.', '<div>\r\n<figure class=\"image\">\r\n<div>\r\n<div class=\"thumbox\"><img src=\"http://hanoimoi.com.vn/Uploads/images/tuandiep/2020/08/16/vna_1.jpg\" /></div>\r\n</div>\r\n<figcaption>Ảnh minh họa.</figcaption>\r\n</figure>\r\n</div>\r\n<p>H&agrave;nh kh&aacute;ch tr&ecirc;n chuyến bay bao gồm trẻ em dưới 18 tuổi, người cao tuổi, người bị bệnh nặng, sinh vi&ecirc;n đ&atilde; ho&agrave;n th&agrave;nh kh&oacute;a học gặp kh&oacute; khăn về chỗ ở, người lao động đ&atilde; hết hạn thị thực v&agrave; hợp đồng lao động, người đi du lịch bị kẹt lại v&agrave; c&aacute;c trường hợp đặc biệt kh&oacute; khăn kh&aacute;c.</p>\r\n<p>Tổng L&atilde;nh sự qu&aacute;n Việt Nam tại Vancouver (Canada) đ&atilde; cử c&aacute;n bộ trực tiếp đến s&acirc;n bay hỗ trợ c&ocirc;ng d&acirc;n ho&agrave;n th&agrave;nh c&aacute;c thủ tục cần thiết trước khi l&ecirc;n m&aacute;y bay.</p>\r\n<p>Với mục ti&ecirc;u đảm bảo sức khỏe cho c&ocirc;ng d&acirc;n, ngăn ngừa sự l&acirc;y lan của dịch bệnh, h&atilde;ng h&agrave;ng kh&ocirc;ng đ&atilde; thực hiện nghi&ecirc;m t&uacute;c c&aacute;c biện ph&aacute;p về an ninh, an to&agrave;n v&agrave; vệ sinh dịch tễ trong suốt chuyến bay.</p>\r\n<p>Ngay sau khi m&aacute;y bay hạ c&aacute;nh xuống s&acirc;n bay quốc tế T&acirc;n Sơn Nhất (th&agrave;nh phố Hồ Ch&iacute; Minh), những người tham gia chuyến bay đ&atilde; được gi&aacute;m s&aacute;t y tế v&agrave; c&aacute;ch ly tập trung theo đ&uacute;ng quy định.</p>\r\n<p>Thời gian tới, việc đưa c&ocirc;ng d&acirc;n c&oacute; ho&agrave;n cảnh đặc biệt kh&oacute; khăn về nước sẽ được sắp xếp theo nguyện vọng của c&ocirc;ng d&acirc;n, ph&ugrave; hợp với t&igrave;nh h&igrave;nh dịch bệnh v&agrave; năng lực c&aacute;ch ly trong nước.</p>', 'hanoimoi', 'http://hanoimoi.com.vn/', 0, 3, 'Đã xuất bản', '', '2020-08-16 22:33:00', 0, 0),
(19, 'Man City sẵn sàng trả bất cứ giá nào để có được Messi', 6, 13, 4, '2020-08-16 22:19:03', 'Những suy đoán về tương lai của Lionel Messi đã xuất hiện sau khi Barcelona thất bại thảm bại 2-8 dưới tay Bayern Munich hôm 14/8.', '<figure class=\"image-wrap align-center-image\"><img src=\"http://static.daidoanket.vn/w640/images/upload/vanmt/08162020/lionel-messi-barcelona-2019-20_172ezym7yfeqs115r0oladnwe7.jpg\" alt=\"Lionel Messi. Nguồn: Getty Images.\" data-original=\"http://static.daidoanket.vn/images/upload/vanmt/08162020/lionel-messi-barcelona-2019-20_172ezym7yfeqs115r0oladnwe7.jpg\" data-zoom-src=\"http://static.daidoanket.vn/images/upload/vanmt/08162020/lionel-messi-barcelona-2019-20_172ezym7yfeqs115r0oladnwe7.jpg\" data-zoomable=\"true\" />\r\n<figcaption class=\"image-caption\">Lionel Messi. Nguồn: Getty Images.</figcaption>\r\n</figure>\r\n<p>Ng&agrave;y 16/8, tờ Daily Star đưa tin, CLB Manchester City tuy&ecirc;n bố, họ sẽ sẵn s&agrave;ng \"trả bất cứ gi&aacute; n&agrave;o\" để gi&agrave;nh được Lionel Messi từ Barcelona.</p>\r\n<p>Theo tờ b&aacute;o, quyết định n&agrave;y của Manchester City xuất ph&aacute;t từ những đồn đo&aacute;n về tương lai của Messi sau trận thua 2-8 của Barcelona trước Bayern Munich v&agrave;o ng&agrave;y 14/8.</p>\r\n<p>Tuy nhi&ecirc;n, t&igrave;nh h&igrave;nh dường như trở n&ecirc;n phức tạp bởi điều khoản mua đứt 700 triệu Euro trong hợp đồng của Messi, điều n&agrave;y về cơ bản khiến anh \"nằm ngo&agrave;i tầm với của mọi c&acirc;u lạc bộ tr&ecirc;n h&agrave;nh tinh\".</p>\r\n<p>Đồng thời, tờ b&aacute;o cũng lưu &yacute; rằng, Barcelona dường như kh&ocirc;ng c&oacute; tiền để đầu tư cho việc cải tổ m&agrave; họ đang rất cần v&agrave; c&oacute; thể phải \"hy sinh Messi\".</p>\r\n<p>Cựu cầu thủ b&oacute;ng đ&aacute; nổi tiếng v&agrave; chuy&ecirc;n gia b&oacute;ng đ&aacute; của BT Sport Rio Ferdinand cũng đ&atilde; đề cập đến triển vọng của Messi khi xem x&eacute;t tương lai của anh ấy sau thất bại gần đ&acirc;y nhất của Barca.</p>\r\n<p>Ferdinand tự hỏi, liệu cầu thủ b&oacute;ng đ&aacute; người Argentina c&oacute; muốn d&agrave;nh thời gian c&ograve;n lại trong sự nghiệp của m&igrave;nh để &ldquo;tr&igrave;nh diễn&rdquo; những trận đấu với c&aacute;c CLB tr&ecirc;n khắp chua &Acirc;u trong m&agrave;u &aacute;o của Barca hay kh&ocirc;ng?</p>\r\n<p>Tuy nhi&ecirc;n, huấn luyện vi&ecirc;n của Manchester City, Pep Guardiola lại đ&atilde; n&oacute;i rằng, &ocirc;ng muốn Messi ở lại Barca.</p>\r\n<p>\"T&ocirc;i sẽ kh&ocirc;ng n&oacute;i đến vấn đề chuyển nhượng cho đến cuối m&ugrave;a giải. Nhưng mong muốn của t&ocirc;i l&agrave; Messi sẽ ở lại Barcelona&rdquo;, &ocirc;ng Pep Guardiola chia sẻ.</p>', 'daidoanket', 'http://daidoanket.vn/', 1, 3, 'Đã xuất bản', '', '2020-08-16 22:34:00', 0, 0),
(20, 'Võ Hạ Trâm bất ngờ với cô bé Hà Mi táo bạo hát dân ca quan họ', 7, 16, 4, '2020-08-16 22:22:25', 'Cô bé Hà Mi bất ngờ hát dân ca quan họ theo phong cách RnB, mắc lỗi nhưng vẫn khiến Võ Hạ Trâm thích mê vì quá dễ thương.', '<p><em>H&atilde;y nghe t&ocirc;i h&aacute;t nh&iacute;</em>&nbsp;tập 9 với chủ đề&nbsp;<em>Em y&ecirc;u l&agrave;n điệu d&acirc;n ca</em>, chương tr&igrave;nh mang đến kh&aacute;n giả một đ&ecirc;m nhạc t&ocirc;n vinh những ca kh&uacute;c g&oacute;p phần nu&ocirc;i lớn t&acirc;m hồn những người con đất Việt,&nbsp;với những m&agrave;n tr&igrave;nh diễn ấn tượng đến từ ba t&agrave;i năng nh&iacute; đầu ti&ecirc;n l&agrave; Tiến Dũng, H&agrave; Mi v&agrave; Ho&agrave;ng Thi&ecirc;n Nga.</p>\r\n<p>Mở đầu chương tr&igrave;nh, nữ gi&aacute;m khảo ch&iacute;nh V&otilde; Hạ Tr&acirc;m d&agrave;nh tặng kh&aacute;n giả ca kh&uacute;c&nbsp;<em>Một tr&aacute;i tim một qu&ecirc; hương</em>.&nbsp;</p>\r\n<p class=\"item-photo\" align=\"center\"><a class=\"photo\" href=\"https://image.plo.vn/w800/uploaded/2020/xpckxpiu/2020_08_13/gk-1_dqhb.jpg\" data-desc=\"Gi&aacute;m khảo V&otilde; Hạ Tr&acirc;m. Ảnh: JET\" data-index=\"1\"><img class=\"cms-photo\" src=\"https://image.plo.vn/w800/uploaded/2020/xpckxpiu/2020_08_13/gk-1_dqhb.jpg\" alt=\"V&otilde; Hạ Tr&acirc;m bất ngờ với c&ocirc; b&eacute; H&agrave; Mi t&aacute;o bạo h&aacute;t d&acirc;n ca quan họ - ảnh 1\" data-photo-original-src=\"https://image.plo.vn/w800/Uploaded/2020/xpckxpiu/2020_08_13/gk-1_dqhb.jpg\" /></a><br /><em class=\"image_caption\">Gi&aacute;m khảo V&otilde; Hạ Tr&acirc;m. Ảnh: JET</em></p>\r\n<p>C&ocirc; mang đến một m&agrave;n tr&igrave;nh diễn vừa đ&atilde; tai với giọng h&aacute;t đi&ecirc;u luyện, vừa m&atilde;n nh&atilde;n với những vũ điệu s&ocirc;i động v&agrave; tr&agrave;n đầy năng lượng.</p>\r\n<p class=\"item-photo\" align=\"center\"><a class=\"photo\" href=\"https://image.plo.vn/w800/uploaded/2020/xpckxpiu/2020_08_13/gk-2_eqfc.jpg\" data-desc=\"Gi&aacute;m khảo Quỳnh Hoa. Ảnh: JET\" data-index=\"2\"><img class=\"cms-photo\" src=\"https://image.plo.vn/w800/uploaded/2020/xpckxpiu/2020_08_13/gk-2_eqfc.jpg\" alt=\"V&otilde; Hạ Tr&acirc;m bất ngờ với c&ocirc; b&eacute; H&agrave; Mi t&aacute;o bạo h&aacute;t d&acirc;n ca quan họ - ảnh 2\" data-photo-original-src=\"https://image.plo.vn/w800/Uploaded/2020/xpckxpiu/2020_08_13/gk-2_eqfc.jpg\" /></a><br /><em class=\"image_caption\">Gi&aacute;m khảo Quỳnh Hoa. Ảnh: JET</em></p>\r\n<p>Sau m&agrave;n ch&agrave;o hỏi c&oacute; phần hơi &ldquo;c&agrave; khịa&rdquo; nhau của c&aacute;c gi&aacute;m khảo, Quỳnh Hoa, với tư c&aacute;ch l&agrave; một ca sĩ chuy&ecirc;n trị d&ograve;ng nhạc d&acirc;n ca, chị chia sẻ đ&acirc;y l&agrave; v&ograve;ng thi với thể loại nhạc dễ h&aacute;t đối với cả những ca sĩ chuy&ecirc;n nghiệp.</p>\r\n<p>Nghe nữ ca sĩ h&aacute;t xong, Đ&igrave;nh To&agrave;n v&agrave; V&otilde; Hạ Tr&acirc;m đều phải c&ocirc;ng nhận rất kh&oacute;, v&igrave; chỉ nghe th&ocirc;i cũng khiến họ muốn l&iacute;u lưỡi.</p>\r\n<p class=\"item-photo\" align=\"center\"><a class=\"photo\" href=\"https://image.plo.vn/w800/uploaded/2020/xpckxpiu/2020_08_13/be-ha-mi_fzsx.jpg\" data-desc=\"B&eacute; H&agrave; Mi.\" data-index=\"3\"><img class=\"cms-photo\" src=\"https://image.plo.vn/w800/uploaded/2020/xpckxpiu/2020_08_13/be-ha-mi_fzsx.jpg\" alt=\"V&otilde; Hạ Tr&acirc;m bất ngờ với c&ocirc; b&eacute; H&agrave; Mi t&aacute;o bạo h&aacute;t d&acirc;n ca quan họ - ảnh 3\" data-photo-original-src=\"https://image.plo.vn/w800/Uploaded/2020/xpckxpiu/2020_08_13/be-ha-mi_fzsx.jpg\" /></a><br /><em class=\"image_caption\">B&eacute; H&agrave; Mi.</em></p>\r\n<p>Tiết mục dự thi đầu ti&ecirc;n trong đ&ecirc;m diễn l&agrave; c&ocirc; b&eacute; H&agrave; Mi với phần kết hợp đầy th&uacute; vị giữa một b&agrave;i d&acirc;n ca quan họ quen thuộc l&agrave;&nbsp;Hoa thơm bướm lượn&nbsp;v&agrave; một ca kh&uacute;c nhạc trẻ ăn kh&aacute;ch mang &acirc;m hưởng d&acirc;n gian l&agrave;&nbsp;<em>Để Mị n&oacute;i cho m&agrave; nghe</em>.</p>\r\n<div id=\"div-gpt-ad-1578026033787-0_container\">\r\n<div id=\"div-gpt-ad-1578026033787-0\" data-google-query-id=\"CKKGzquDoOsCFZVwvQodEawPEA\">\r\n<div id=\"google_ads_iframe_/21622890900/VN_plo.vn_pc_article_mid1_300x250//336x280_0__container__\"></div>\r\n</div>\r\n</div>\r\n<p class=\"item-photo\" align=\"center\"><a class=\"photo\" href=\"https://image.plo.vn/w800/uploaded/2020/xpckxpiu/2020_08_13/be-ha-mi-1_vuwq.jpg\" data-desc=\"\" data-index=\"4\"><img class=\"cms-photo\" src=\"https://image.plo.vn/w800/uploaded/2020/xpckxpiu/2020_08_13/be-ha-mi-1_vuwq.jpg\" alt=\"V&otilde; Hạ Tr&acirc;m bất ngờ với c&ocirc; b&eacute; H&agrave; Mi t&aacute;o bạo h&aacute;t d&acirc;n ca quan họ - ảnh 4\" data-photo-original-src=\"https://image.plo.vn/w800/Uploaded/2020/xpckxpiu/2020_08_13/be-ha-mi-1_vuwq.jpg\" /></a></p>\r\n<p>Nhạc d&acirc;n ca vốn kh&ocirc;ng phải thế mạnh của H&agrave; Mi v&igrave; vậy em chọn c&aacute;ch l&agrave;m mới b&agrave;i h&aacute;t d&acirc;n ca quan họ v&agrave; h&aacute;t theo phong c&aacute;ch RnB hiện đại.</p>\r\n<p>D&ugrave; xảy ra một ch&uacute;t lỗi nhỏ trong phần đọc rap ở những nốt cao nhưng sự đ&aacute;ng y&ecirc;u, tự tin v&agrave; diễn cực sung của H&agrave; Mi lại ăn điểm r&otilde; rệt.</p>\r\n<div class=\"content_video\">\r\n<div id=\"video4287217\" class=\"jwplayer jw-reset jw-skin-seven jw-stretch-fill jw-flag-aspect-mode jw-state-idle jw-flag-user-inactive\" tabindex=\"0\">\r\n<div class=\"jw-aspect jw-reset\">&nbsp;</div>\r\n<div class=\"jw-media jw-reset\"><iframe id=\"video4287217_youtube\" title=\"YouTube video player\" src=\"https://www.youtube.com/embed/7v487UqPGKA?html5=1&amp;autoplay=0&amp;controls=0&amp;showinfo=0&amp;rel=0&amp;modestbranding=0&amp;playsinline=1&amp;origin=https%3A%2F%2Fplo.vn&amp;enablejsapi=1&amp;widgetid=3\" width=\"100%\" height=\"100%\" frameborder=\"0\" allowfullscreen=\"allowfullscreen\" data-mce-fragment=\"1\"></iframe></div>\r\n<div class=\"jw-preview jw-reset\">&nbsp;</div>\r\n<div class=\"jw-overlays jw-reset\">\r\n<div id=\"video4287217_vast\" class=\"jw-plugin jw-reset\"></div>\r\n<div id=\"video4287217_jwpsrv\" class=\"jw-plugin jw-reset\"></div>\r\n</div>\r\n<div class=\"jw-controls jw-reset\">\r\n<div class=\"jw-display-icon-container jw-background-color jw-reset\">\r\n<div class=\"jw-icon jw-icon-display jw-button-color jw-reset\">&nbsp;</div>\r\n</div>\r\n<div class=\"jw-controls-right jw-reset\">\r\n<div class=\"jw-dock jw-reset\">&nbsp;</div>\r\n</div>\r\n</div>\r\n</div>\r\n</div>\r\n<p><em>Ki&ecirc;n kh&uacute;c Hoa thơm bướm lượn v&agrave; Để Mị n&oacute;i cho m&agrave; nghe của&nbsp;<a href=\"https://plo.vn/tags/SMOgIE1p/ha-mi.html\">H&agrave; Mi</a>. Nguồn: JET</em></p>\r\n<p>Ca sĩ Hồ Việt Trung rất th&iacute;ch phần diễn của H&agrave; Mi, anh cũng g&oacute;p &yacute; gi&uacute;p c&ocirc; b&eacute; ho&agrave;n thiện hơn tiết mục của m&igrave;nh.</p>\r\n<p>Trong khi đ&oacute;, V&otilde; Hạ Tr&acirc;m khen H&agrave; Mi th&ocirc;ng minh v&igrave; biết r&otilde; bản th&acirc;n kh&ocirc;ng h&aacute;t d&acirc;n ca m&ugrave;i n&ecirc;n đ&atilde; h&aacute;t theo kiểu RnB đậm phong c&aacute;ch ri&ecirc;ng.</p>\r\n<p>Nữ gi&aacute;m khảo&nbsp;<a href=\"https://plo.vn/tags/UXXhu7NuaCBIb2E=/quynh-hoa.html\">Quỳnh Hoa</a>&nbsp;đặc biệt t&acirc;m đắc nụ cười duy&ecirc;n d&aacute;ng của em, chị cũng hướng dẫn c&ocirc; b&eacute; c&aacute;ch luyến l&aacute;y cho mềm mại hơn khi&nbsp;<a href=\"https://plo.vn/tags/aMOhdCBkw6JuIGNh/hat-dan-ca.html\">h&aacute;t d&acirc;n ca</a>&nbsp;Bắc bộ.</p>\r\n<div id=\"sas_44269_container\">\r\n<div id=\"sas_44269\"></div>\r\n</div>\r\n<p class=\"item-photo\" align=\"center\"><a class=\"photo\" href=\"https://image.plo.vn/w800/uploaded/2020/xpckxpiu/2020_08_13/be-tien-dung-2_kepr.jpg\" data-desc=\"B&eacute; Tiến Dũng.\" data-index=\"5\"><img class=\"cms-photo\" src=\"https://image.plo.vn/w800/uploaded/2020/xpckxpiu/2020_08_13/be-tien-dung-2_kepr.jpg\" alt=\"V&otilde; Hạ Tr&acirc;m bất ngờ với c&ocirc; b&eacute; H&agrave; Mi t&aacute;o bạo h&aacute;t d&acirc;n ca quan họ - ảnh 5\" data-photo-original-src=\"https://image.plo.vn/w800/Uploaded/2020/xpckxpiu/2020_08_13/be-tien-dung-2_kepr.jpg\" /></a><br /><em class=\"image_caption\">B&eacute; Tiến Dũng.</em></p>\r\n<p>Cậu b&eacute;&nbsp;<a href=\"https://plo.vn/tags/VGnhur9uIETFqW5n/tien-dung.html\">Tiến Dũng</a>&nbsp;tiếp tục mang đến một m&agrave;n kết hợp đặc biệt giữa b&agrave;i h&aacute;t d&acirc;n ca Bắc bộ&nbsp;<em>C&ograve; lả</em>&nbsp;v&agrave; ca kh&uacute;c&nbsp;<em>Con c&ograve;</em>&nbsp;của nhạc sĩ Lưu H&agrave; An.</p>\r\n<p>Sở hữu giọng h&aacute;t đậm chất rock, Tiến Dũng một lần nữa khẳng định chất nghệ sĩ trong m&igrave;nh với phần xử l&yacute; b&agrave;i h&aacute;t đầy chuy&ecirc;n nghiệp. Em c&ograve;n khiến cả ba gi&aacute;m khảo đều phải đứng dậy vỗ tay kh&ocirc;ng ngừng.</p>\r\n<div class=\"box-script\">&nbsp;</div>\r\n<div class=\"content_video\">\r\n<div id=\"video8699388\" class=\"jwplayer jw-reset jw-skin-seven jw-stretch-fill jw-flag-aspect-mode jw-state-idle jw-flag-user-inactive\" tabindex=\"0\">\r\n<div class=\"jw-aspect jw-reset\">&nbsp;</div>\r\n<div class=\"jw-media jw-reset\"><iframe id=\"video8699388_youtube\" title=\"YouTube video player\" src=\"https://www.youtube.com/embed/-34WF1QeXHE?html5=1&amp;autoplay=0&amp;controls=0&amp;showinfo=0&amp;rel=0&amp;modestbranding=0&amp;playsinline=1&amp;origin=https%3A%2F%2Fplo.vn&amp;enablejsapi=1&amp;widgetid=1\" width=\"100%\" height=\"100%\" frameborder=\"0\" allowfullscreen=\"allowfullscreen\" data-mce-fragment=\"1\"></iframe></div>\r\n<div class=\"jw-preview jw-reset\">&nbsp;</div>\r\n<div class=\"jw-overlays jw-reset\">\r\n<div id=\"video8699388_jwpsrv\" class=\"jw-plugin jw-reset\"></div>\r\n</div>\r\n<div class=\"jw-controls jw-reset\">\r\n<div class=\"jw-display-icon-container jw-background-color jw-reset\">\r\n<div class=\"jw-icon jw-icon-display jw-button-color jw-reset\">&nbsp;</div>\r\n</div>\r\n<div class=\"jw-controls-right jw-reset\">\r\n<div class=\"jw-dock jw-reset\">&nbsp;</div>\r\n</div>\r\n</div>\r\n</div>\r\n</div>\r\n<p><em>Li&ecirc;n kh&uacute;c C&ograve; lả v&agrave; Con c&ograve; của&nbsp;Tiến Dũng. Nguồn: JET</em></p>\r\n<p>Hồ Việt Trung hết lời khen ngợi giọng h&aacute;t nội lực của Tiến Dũng, anh c&ograve;n ngưỡng mộ phong th&aacute;i rất ngầu của cậu b&eacute;.</p>\r\n<p>Quỳnh Hoa khẳng định chị đang xem một ca sĩ chuy&ecirc;n nghiệp biểu diễn chứ kh&ocirc;ng phải một cậu b&eacute; 14 tuổi.</p>\r\n<p class=\"item-photo\" align=\"center\"><a class=\"photo\" href=\"https://image.plo.vn/w800/uploaded/2020/xpckxpiu/2020_08_13/be-tien-dung-1_tvml.jpg\" data-desc=\"\" data-index=\"6\"><img class=\"cms-photo\" src=\"https://image.plo.vn/w800/uploaded/2020/xpckxpiu/2020_08_13/be-tien-dung-1_tvml.jpg\" alt=\"V&otilde; Hạ Tr&acirc;m bất ngờ với c&ocirc; b&eacute; H&agrave; Mi t&aacute;o bạo h&aacute;t d&acirc;n ca quan họ - ảnh 6\" data-photo-original-src=\"https://image.plo.vn/w800/Uploaded/2020/xpckxpiu/2020_08_13/be-tien-dung-1_tvml.jpg\" /></a></p>\r\n<p>C&ograve;n V&otilde; Hạ Tr&acirc;m th&igrave; liền &ocirc;m cậu học tr&ograve; nhỏ v&igrave; đ&atilde; h&aacute;t qu&aacute; xuất sắc. Nữ gi&aacute;m khảo tự h&agrave;o v&igrave; em đ&atilde; khắc phục được to&agrave;n bộ những điểm m&agrave; c&ocirc; từng g&oacute;p &yacute; trong v&ograve;ng trước.</p>\r\n<p>V&otilde; Hạ Tr&acirc;m th&uacute; nhận bản th&acirc;n thực sự x&uacute;c động v&igrave; Tiến Dũng thật sự đ&atilde; lớn kh&ocirc;n.</p>\r\n<p class=\"item-photo\" align=\"center\"><a class=\"photo\" href=\"https://image.plo.vn/w800/uploaded/2020/xpckxpiu/2020_08_13/be-hoang-thien-nga_nzkk.jpg\" data-desc=\"B&eacute; Ho&agrave;ng Thi&ecirc;n Nga.\" data-index=\"7\"><img class=\"cms-photo\" src=\"https://image.plo.vn/w800/uploaded/2020/xpckxpiu/2020_08_13/be-hoang-thien-nga_nzkk.jpg\" alt=\"V&otilde; Hạ Tr&acirc;m bất ngờ với c&ocirc; b&eacute; H&agrave; Mi t&aacute;o bạo h&aacute;t d&acirc;n ca quan họ - ảnh 7\" data-photo-original-src=\"https://image.plo.vn/w800/Uploaded/2020/xpckxpiu/2020_08_13/be-hoang-thien-nga_nzkk.jpg\" /></a><br /><em class=\"image_caption\">B&eacute; Ho&agrave;ng Thi&ecirc;n Nga.</em></p>\r\n<p>Chất giọng trầm của c&ocirc; b&eacute; Ho&agrave;ng Thi&ecirc;n Nga kh&ocirc;ng phải l&agrave; lợi thế để h&aacute;t d&ograve;ng nhạc kh&oacute; như d&acirc;n ca, v&igrave; vậy em đ&atilde; mashup hai b&agrave;i d&acirc;n ca X&aacute; v&agrave; d&acirc;n ca Thanh Ho&aacute; trong li&ecirc;n kh&uacute;c&nbsp;<em>Ca hạnh ph&uacute;c</em>&nbsp;v&agrave;&nbsp;<em>Đi cấy</em>, để mang đến kh&ocirc;ng kh&iacute; rộn r&agrave;ng, đậm chất nhạc EDM khiến cả ba vị gi&aacute;m khảo cũng phải nh&uacute;n nhảy theo.</p>\r\n<div class=\"content_video\">\r\n<div id=\"video1883651\" class=\"jwplayer jw-reset jw-skin-seven jw-stretch-fill jw-flag-aspect-mode jw-state-idle jw-flag-user-inactive\" tabindex=\"0\">\r\n<div class=\"jw-aspect jw-reset\">&nbsp;</div>\r\n<div class=\"jw-media jw-reset\"><iframe id=\"video1883651_youtube\" title=\"YouTube video player\" src=\"https://www.youtube.com/embed/YP60Su92gtA?html5=1&amp;autoplay=0&amp;controls=0&amp;showinfo=0&amp;rel=0&amp;modestbranding=0&amp;playsinline=1&amp;origin=https%3A%2F%2Fplo.vn&amp;enablejsapi=1&amp;widgetid=2\" width=\"100%\" height=\"100%\" frameborder=\"0\" allowfullscreen=\"allowfullscreen\" data-mce-fragment=\"1\"></iframe></div>\r\n<div class=\"jw-preview jw-reset\">&nbsp;</div>\r\n<div class=\"jw-overlays jw-reset\">\r\n<div id=\"video1883651_jwpsrv\" class=\"jw-plugin jw-reset\"></div>\r\n</div>\r\n<div class=\"jw-controls jw-reset\">\r\n<div class=\"jw-display-icon-container jw-background-color jw-reset\">\r\n<div class=\"jw-icon jw-icon-display jw-button-color jw-reset\">&nbsp;</div>\r\n</div>\r\n<div class=\"jw-controls-right jw-reset\">\r\n<div class=\"jw-dock jw-reset\">&nbsp;</div>\r\n</div>\r\n</div>\r\n</div>\r\n</div>\r\n<p><em>Clip&nbsp;LK Ca hạnh ph&uacute;c v&agrave; Đi cấy của&nbsp;Ho&agrave;ng Thi&ecirc;n Nga. Nguồn: JET</em></p>\r\n<p>V&otilde; Hạ Tr&acirc;m nhận x&eacute;t c&ocirc; b&eacute; đ&atilde; chọn hai ca kh&uacute;c rất vừa sức, khiến em thoải m&aacute;i v&agrave; tự tin tr&igrave;nh diễn.</p>\r\n<p>Trong khi đ&oacute;, Quỳnh Hoa v&agrave; Hồ Việt Trung đều đồng t&igrave;nh chất giọng của b&eacute; Ho&agrave;ng Thi&ecirc;n Nga kh&ocirc;ng phải l&agrave; chất giọng để h&aacute;t d&acirc;n ca, nhưng khi em h&aacute;t d&acirc;n ca lại mang đến một điều đặc biệt rất ri&ecirc;ng.</p>\r\n<p class=\"item-photo\" align=\"center\"><a class=\"photo\" href=\"https://image.plo.vn/w800/uploaded/2020/xpckxpiu/2020_08_13/be-hoang-thien-nga-1_kfir.jpg\" data-desc=\"\" data-index=\"8\"><img class=\"cms-photo\" src=\"https://image.plo.vn/w800/uploaded/2020/xpckxpiu/2020_08_13/be-hoang-thien-nga-1_kfir.jpg\" alt=\"V&otilde; Hạ Tr&acirc;m bất ngờ với c&ocirc; b&eacute; H&agrave; Mi t&aacute;o bạo h&aacute;t d&acirc;n ca quan họ - ảnh 8\" data-photo-original-src=\"https://image.plo.vn/w800/Uploaded/2020/xpckxpiu/2020_08_13/be-hoang-thien-nga-1_kfir.jpg\" /></a></p>\r\n<p>Hai gi&aacute;m khảo kh&aacute;ch mời cũng rất bất ngờ khi biết Ho&agrave;ng Thi&ecirc;n Nga chỉ mới 10 tuổi nhưng đ&atilde; sở hữu một giọng h&aacute;t trầm d&agrave;y đầy nội lực.</p>\r\n<p>Tuần sau,&nbsp;<em>H&atilde;y nghe t&ocirc;i h&aacute;t nh&iacute;</em>&nbsp;tập 10 sẽ tiếp tục với chủ đề&nbsp;<em>Em y&ecirc;u l&agrave;n điệu d&acirc;n ca</em>&nbsp;cũng với những m&agrave;n tr&igrave;nh diễn th&uacute; vị đến từ ba t&agrave;i năng nh&iacute; c&ograve;n lại l&agrave; Đức Danh, Nhật Minh v&agrave; Quỳnh Anh.</p>\r\n<p class=\"item-photo\" align=\"center\"><a class=\"photo\" href=\"https://image.plo.vn/w800/uploaded/2020/xpckxpiu/2020_08_13/gk_lubx.jpg\" data-desc=\"\" data-index=\"9\"><img class=\"cms-photo\" src=\"https://image.plo.vn/w800/uploaded/2020/xpckxpiu/2020_08_13/gk_lubx.jpg\" alt=\"V&otilde; Hạ Tr&acirc;m bất ngờ với c&ocirc; b&eacute; H&agrave; Mi t&aacute;o bạo h&aacute;t d&acirc;n ca quan họ - ảnh 9\" data-photo-original-src=\"https://image.plo.vn/w800/Uploaded/2020/xpckxpiu/2020_08_13/gk_lubx.jpg\" /></a></p>\r\n<p>Tập 10 l&ecirc;n s&oacute;ng l&uacute;c 21 giờ thứ tư, ng&agrave;y 19-8 tr&ecirc;n k&ecirc;nh THVL1</p>', 'plo.vn', 'https://plo.vn/', 0, 3, 'Đã xuất bản', '', '2020-08-16 22:34:00', 0, 0),
(21, 'Lịch trình của ca COVID-19 mới ở Hà Nội: Đi nhiều nơi, tiếp xúc nhiều người', 8, 19, 4, '2020-08-16 22:23:32', 'Trước khi được xác nhận mắc COVID-19, bệnh nhân từng đi Đà Nẵng, Sầm Sơn (Thanh Hóa) và đi làm tại cơ quan ở Hà Nội.', '<p>Chiều 16/8, Bộ Y tế c&ocirc;ng bố th&ecirc;m 11 ca COVID-19 mới, n&acirc;ng tổng số người nhiễm SARS-CoV-2 ở nước ta l&ecirc;n 962.</p>\r\n<p>Đ&aacute;ng ch&uacute; &yacute;, trong 11 bệnh nh&acirc;n c&oacute; 1 trường hợp ở H&agrave; Nội. Trước khi được x&aacute;c nhận dương t&iacute;nh với SARS-CoV-2 bệnh nh&acirc;n từng đi nhiều nơi, tiếp x&uacute;c nhiều người tại H&agrave; Nội, Đ&agrave; Nẵng v&agrave; Thanh H&oacute;a.</p>\r\n<p>B&aacute;o c&aacute;o dịch tễ học cho thấy, bệnh nh&acirc;n mang m&atilde; số BN962, sinh năm 1990, l&agrave; nh&acirc;n vi&ecirc;n ng&acirc;n h&agrave;ng tại 28 H&agrave;ng Da, quận Ho&agrave;n Kiếm. Bệnh nh&acirc;n hiện đang ở trọ tại ng&otilde; 9 Nguyễn Văn Trỗi (phường Phương Liệt, quận Thanh Xu&acirc;n),</p>\r\n<p>Từ ng&agrave;y 20/7 đến 22/7 bệnh nh&acirc;n đi c&ocirc;ng t&aacute;c Đ&agrave; Nẵng. Tại đ&acirc;y, bệnh nh&acirc;n lưu tr&uacute; tại kh&aacute;ch sạn Sunday, số 331 Nguyễn Văn Linh, Thanh Kh&ecirc;, Đ&agrave; Nẵng. S&aacute;ng 21/7, bệnh nh&acirc;n c&oacute; đến văn ph&ograve;ng c&ocirc;ng chứng Đ&agrave; Nẵng v&agrave; UBND quận Sơn Tr&agrave;; tối 21/7, bệnh nh&acirc;n đi ăn tại qu&aacute;n b&uacute;n ở đường H&ugrave;ng Vương;</p>\r\n<figure class=\"expNoEdit\"><img class=\"lazy loaded\" src=\"https://img.vtcnew.com.vn/resize/th/upload/2020/08/16/1-18424845.jpg\" alt=\"Lịch tr&igrave;nh của ca COVID-19 mới ở H&agrave; Nội: Đi nhiều nơi, tiếp x&uacute;c nhiều người - 1\" height=\"432\" data-id=\"1419978\" data-detail=\"1\" data-width=\"660\" data-height=\"432\" data-src=\"https://img.vtcnew.com.vn/resize/th/upload/2020/08/16/1-18424845.jpg\" data-index=\"0\" data-was-processed=\"true\" />\r\n<figcaption>\r\n<p class=\"expEdit\">Bệnh viện Thanh Nh&agrave;n (H&agrave; Nội), nơi bệnh nh&acirc;n COVID-19 từng đến thăm kh&aacute;m, điều trị.</p>\r\n</figcaption>\r\n</figure>\r\n<p>Ng&agrave;y 22/7 bệnh nh&acirc;n đến chợ Cồn v&agrave; ra s&acirc;n bay về H&agrave; Nội tr&ecirc;n chuyến bay VJ520 khởi h&agrave;nh 11 giờ 35 về đến H&agrave; Nội khoảng 14h. Sau đ&oacute; bệnh nh&acirc;n bắt Grab về nh&agrave;. Tối c&ugrave;ng ng&agrave;y, bệnh nh&acirc;n c&oacute; đến thăm vợ con tại đường Đại La (quận Hai B&agrave; Trưng).</p>\r\n<p>Ng&agrave;y 23/7 đến 24/7 bệnh nh&acirc;n đi l&agrave;m b&igrave;nh thường tại 28 H&agrave;ng Da, quận Ho&agrave;n Kiếm. Ở cơ quan, bệnh nh&acirc;n tiếp x&uacute;c với tất cả nh&acirc;n vi&ecirc;n tại cơ quan (khoảng 20 người).</p>\r\n<p>Ng&agrave;y 25/7 đến 26/7 bệnh nh&acirc;n c&oacute; đi du lịch với cơ quan tại Sầm Sơn, đo&agrave;n đi Sầm Sơn c&oacute; 19 người. Trong 2 ng&agrave;y nghỉ tại Sầm Sơn, bệnh nh&acirc;n chỉ tiếp x&uacute;c với c&aacute;c th&agrave;nh vi&ecirc;n trong đo&agrave;n.</p>\r\n<p>Ng&agrave;y 26/7 đến 3/8 bệnh nh&acirc;n thực hiện tự c&aacute;ch ly tại nh&agrave; trọ địa chỉ ng&otilde; 91 Nguyễn Văn Trỗi, phường Phương Liệt, quận Thanh Xu&acirc;n.</p>\r\n<p>Đến ng&agrave;y 3/8, bệnh nh&acirc;n xuất hiện triệu chứng sốt 39 độ C. Bệnh nh&acirc;n đi xe m&aacute;y c&aacute; nh&acirc;n đến Bệnh viện Thanh Nh&agrave;n kh&aacute;m v&agrave; nhập viện. Bệnh viện Thanh Nh&agrave;n lấy mẫu PCR gửi CDC H&agrave; Nội l&agrave;m x&eacute;t nghiệm. Bệnh nh&acirc;n ở c&ugrave;ng ph&ograve;ng với BN812 (được x&aacute;c định mắc COVID-19 c&aacute;ch đ&acirc;y v&agrave;i ng&agrave;y) v&agrave; bệnh nh&acirc;n kh&aacute;c (c&oacute; đeo khẩu trang).</p>\r\n<p>Bệnh nh&acirc;n c&oacute; mượn điện thoại của BN 812 gọi về cho gia đ&igrave;nh (bệnh nh&acirc;n 812 l&agrave; F1 của bệnh nh&acirc;n 447, được c&aacute;ch ly tại Bệnh viện C&ocirc;ng an TP. H&agrave; Nội, đến 3/8 c&oacute; triệu chứng được đưa đến kh&aacute;m v&agrave; c&aacute;ch ly tại Bệnh viện Thanh Nh&agrave;n).</p>\r\n<p>Ng&agrave;y 4/8 BN962 v&agrave; bệnh nh&acirc;n c&ugrave;ng ph&ograve;ng c&oacute; kết quả x&eacute;t nghiệm &acirc;m t&iacute;nh với virus SARS-CoV-2 (1 bệnh nh&acirc;n c&ugrave;ng ph&ograve;ng c&oacute; kết quả x&eacute;t nghiệm &acirc;m t&iacute;nh ng&agrave;y 9/8). Chiều 4/8, bệnh nh&acirc;n được ra viện v&igrave; đ&atilde; qua 14 ng&agrave;y về từ Đ&agrave; Nẵng v&agrave; kh&ocirc;ng c&ograve;n triệu chứng sốt.</p>\r\n<p>Ng&agrave;y 4/8 đ&ecirc;n 14/8 bệnh nh&acirc;n kh&ocirc;ng đi l&agrave;m, tự c&aacute;ch ly tại ph&ograve;ng trọ (1 m&igrave;nh). H&agrave;ng ng&agrave;y, bệnh nh&acirc;n nhận gọi ship đồ ăn, thanh to&aacute;n qua thẻ, kh&ocirc;ng tiếp x&uacute;c trực tiếp với người giao h&agrave;ng. Tại khu nh&agrave; trọ, bệnh nh&acirc;n c&oacute; tiếp x&uacute;c với chủ nh&agrave; trọ l&agrave; anh L.H.D. (sinh năm 1986) v&agrave; b&agrave; H.T.K.D. (sinh năm 1959 - l&agrave; mẹ anh D.), l&uacute;c tiếp x&uacute;c c&oacute; đeo khẩu trang.</p>\r\n<p>Ng&agrave;y 8/8 bệnh nh&acirc;n c&oacute; nhờ 1 đồng nghiệp (tr&uacute; tại 629 Giải Ph&oacute;ng) mua đồ đến v&agrave; c&oacute; tiếp x&uacute;c gần (2 người đều đeo khẩu trang).</p>\r\n<p>Ng&agrave;y 10/8, bệnh nh&acirc;n xuất hiện triệu chứng giảm vị gi&aacute;c, giảm khứu gi&aacute;c.</p>\r\n<p>Ng&agrave;y 14/8, bệnh nh&acirc;n tự l&aacute;i xe m&aacute;y đến Bệnh viện Thanh Nh&agrave;n, gửi xe tại b&atilde;i đỗ xe trước cổng viện v&agrave; được chuyển v&agrave;o khu c&aacute;ch ly T9.</p>\r\n<p>Ng&agrave;y 15/8 bệnh nh&acirc;n được lấy mẫu x&eacute;t nghiệm lần 2, Bệnh viện Thanh Nh&agrave;n cho kết quả s&agrave;ng lọc dương t&iacute;nh với SARS-CoV-2. Sau đ&oacute; mẫu bệnh phẩm được gửi ngay đến CDC H&agrave; Nội để l&agrave;m x&eacute;t nghiệm, c&ugrave;ng ng&agrave;y CDC H&agrave; Nội x&eacute;t nghiệm kết quả dương t&iacute;nh. Hiện tại, bệnh nh&acirc;n đang c&aacute;ch ly v&agrave; điều trị tại Bệnh viện Thanh Nh&agrave;n.</p>\r\n<p>Li&ecirc;n quan tới ca bệnh n&agrave;y, Trung t&acirc;m Kiểm so&aacute;t bệnh tật TP.H&agrave; Nội (CDC) cho biết, sau khi nhận được th&ocirc;ng tin bệnh nh&acirc;n ở trọ tr&ecirc;n địa b&agrave;n, Đội phản ứng nhanh của Trung t&acirc;m Y tế quận Thanh Xu&acirc;n đ&atilde; phun khử khuẩn khu vực trọ, r&agrave; so&aacute;t l&ecirc;n danh s&aacute;ch những người tiếp x&uacute;c gần với ca nghi nhiễm.</p>\r\n<p>Qua kiểm tra, cơ quan chức năng x&aacute;c định tr&ecirc;n địa b&agrave;n quận Thanh Xu&acirc;n c&oacute; 2 trường hợp tiếp x&uacute;c gần với bệnh nh&acirc;n (F1) l&agrave; chủ nh&agrave; v&agrave; mẹ chủ nh&agrave;, những lần tiếp x&uacute;c đều c&oacute; đeo khẩu trang.</p>\r\n<p>Đội phản ứng nhanh Trung t&acirc;m Y tế quận Thanh Xu&acirc;n thực hiện lấy mẫu x&eacute;t nghiệm 2 trường hợp F1, phối hợp với Trung t&acirc;m Cấp cứu 115 H&agrave; Nội chuyển 2 F1 đi c&aacute;ch ly tập trung tại Trường Cao đẳng C&ocirc;ng nghệ cao (phường T&acirc;y Mỗ, quận Nam Từ Li&ecirc;m); thực hiện phun khử khuẩn to&agrave;n bộ t&ograve;a nh&agrave; bệnh nh&acirc;n ở v&agrave; kết xong l&uacute;c 3 giờ s&aacute;ng ng&agrave;y 16/8.</p>\r\n<p>C&ugrave;ng ng&agrave;y, UBND phường Phương Liệt cũng đ&atilde; ra quyết định c&aacute;ch ly tại nh&agrave; đối với 38 trường hợp F2 theo quy định; 38 trường hợp F2 đều c&ugrave;ng trong khu nh&agrave; trọ cao tầng</p>', 'VTC', 'https://vtc.vn/', 0, 3, 'Đã xuất bản', '', '2020-08-16 22:33:00', 0, 0);
INSERT INTO `posts` (`PostID`, `PostTitle`, `CID`, `SCID`, `UID`, `TimePost`, `SumContent`, `Content`, `source`, `linksource`, `view`, `Duyet`, `StatusPost`, `Reason`, `TimePublic`, `Premium`, `xoa`) VALUES
(22, 'Facebook đưa ra thông báo khi chia sẻ thông tin về Covid-19', 9, 21, 4, '2020-08-16 22:25:16', 'Tình hình dịch bệnh Covid-19 vẫn đang diễn biến phức tạp trên toàn thế giới. Trong tình hình đó, việc lan truyền thông tin giả càng khiến công tác phòng, chống dịch bệnh trở nên khó khăn hơn. Trong các biện pháp hạn chế tin giả nói chung, Facebook vừa tăng cường thêm giải pháp hạn chế các thông tin không đáng tin cậy về Covid-19.', '<table class=\"image center\" width=\"600\" align=\"center\">\r\n<tbody>\r\n<tr>\r\n<td><img src=\"http://www.baodongnai.com.vn/dataimages/202008/original/images2308338_t11_1.jpg\" alt=\"M&agrave;n h&igrave;nh th&ocirc;ng b&aacute;o cho biết th&ocirc;ng tin được chia sẻ c&oacute; li&ecirc;n quan đến Covid-19, nguồn gốc của th&ocirc;ng tin v&agrave; thời điểm được chia sẻ lần đầu. Sau khi c&acirc;n nhắc, người d&ugrave;ng c&oacute; thể chọn Continue (vẫn tiếp tục chia sẻ) hay Go Back (trở lại, kh&ocirc;ng chia sẻ nữa)\" /></td>\r\n</tr>\r\n<tr>\r\n<td class=\"image_desc\">M&agrave;n h&igrave;nh th&ocirc;ng b&aacute;o cho biết th&ocirc;ng tin được chia sẻ c&oacute; li&ecirc;n quan đến Covid-19, nguồn gốc của th&ocirc;ng tin v&agrave; thời điểm được chia sẻ lần đầu. Sau khi c&acirc;n nhắc, người d&ugrave;ng c&oacute; thể chọn Continue (vẫn tiếp tục chia sẻ) hay Go Back (trở lại, kh&ocirc;ng chia sẻ nữa)</td>\r\n</tr>\r\n</tbody>\r\n</table>\r\n<p>*&nbsp;<strong>Hạn chế việc chia sẻ c&aacute;c th&ocirc;ng tin lỗi thời</strong></p>\r\n<p>Th&aacute;ng 6 vừa qua, Facebook đ&atilde; bổ sung một t&iacute;nh năng mới. Theo đ&oacute;, khi người d&ugrave;ng chia sẻ một li&ecirc;n kết, Facebook sẽ tự động kiểm tra thời điểm nội dung trong li&ecirc;n kết đ&oacute; ra đời v&agrave; sẽ th&ocirc;ng b&aacute;o nếu n&oacute; đ&atilde; qu&aacute; 3 th&aacute;ng.</p>\r\n<p>Theo nghi&ecirc;n cứu của Facebook, t&iacute;nh kịp thời của một b&agrave;i b&aacute;o l&agrave; yếu tố then chốt khi người d&ugrave;ng quyết định nội dung sẽ đọc, tin tưởng v&agrave; chia sẻ. Tuy nhi&ecirc;n, kh&ocirc;ng phải ai cũng kiểm tra ng&agrave;y th&aacute;ng tr&ecirc;n một b&agrave;i b&aacute;o trước khi chia sẻ n&oacute; với người kh&aacute;c. Điều đ&oacute; dẫn đến việc mọi người v&ocirc; t&igrave;nh chia sẻ những tin tức cũ như một c&acirc;u chuyện thời sự. Sau khi n&oacute; được chia sẻ, những người kh&aacute;c c&oacute; thể thấy li&ecirc;n kết trong nguồn cấp dữ liệu của họ v&agrave; cũng cho rằng n&oacute; l&agrave; gần đ&acirc;y. V&igrave; kh&ocirc;ng c&oacute; g&igrave; lạ khi mọi người chia sẻ li&ecirc;n kết m&agrave; kh&ocirc;ng nhấp v&agrave;o ch&uacute;ng, n&ecirc;n rất dễ để nội dung lỗi thời lan truyền. V&igrave; vậy, ngay cả khi nội dung cũ l&agrave; của một cơ quan đ&aacute;ng tin cậy, Facebook vẫn sẽ hiển thị m&agrave;n h&igrave;nh cảnh b&aacute;o.</p>\r\n<p>*&nbsp;<strong>Th&ocirc;ng b&aacute;o khi chia sẻ c&aacute;c th&ocirc;ng tin li&ecirc;n quan đến Covid-19</strong></p>\r\n<p>Đ&acirc;y l&agrave; sự mở rộng của t&iacute;nh năng hạn chế việc chia sẻ c&aacute;c th&ocirc;ng tin lỗi thời n&ecirc;u tr&ecirc;n. Theo đ&oacute;, khi người d&ugrave;ng chia sẻ một li&ecirc;n kết, Facebook sẽ kiểm tra xem th&ocirc;ng tin đ&oacute; c&oacute; li&ecirc;n quan đến Covid-19 hay kh&ocirc;ng. Nếu c&oacute;, Facebook sẽ hiện m&agrave;n h&igrave;nh th&ocirc;ng b&aacute;o về nguồn gốc của li&ecirc;n kết (để người d&ugrave;ng đ&aacute;nh gi&aacute; xem c&oacute; đ&aacute;ng tin cậy kh&ocirc;ng) v&agrave; thời điểm ph&aacute;t h&agrave;nh của li&ecirc;n kết (để xem c&oacute; lỗi thời kh&ocirc;ng).</p>\r\n<p>Facebook cũng sẽ hướng người d&ugrave;ng đến trung t&acirc;m th&ocirc;ng tin Covid-19 chứa th&ocirc;ng tin đ&aacute;ng tin cậy từ c&aacute;c cơ quan y tế to&agrave;n cầu. Trong một th&ocirc;ng b&aacute;o, Facebook tuy&ecirc;n bố: &ldquo;Ch&uacute;ng t&ocirc;i muốn đảm bảo mọi người c&oacute; bối cảnh m&agrave; họ cần để đưa ra quyết định s&aacute;ng suốt về những g&igrave; sẽ chia sẻ tr&ecirc;n Facebook, đặc biệt l&agrave; khi n&oacute;i đến nội dung Covid-19. V&igrave; vậy, h&ocirc;m nay, ch&uacute;ng t&ocirc;i sẽ bắt đầu triển khai m&agrave;n h&igrave;nh th&ocirc;ng b&aacute;o to&agrave;n cầu để cung cấp cho mọi người nhiều ngữ cảnh hơn về c&aacute;c li&ecirc;n kết li&ecirc;n quan đến Covid-19 khi họ sắp chia sẻ ch&uacute;ng&rdquo;.</p>\r\n<p>M&agrave;n h&igrave;nh th&ocirc;ng b&aacute;o sẽ kh&ocirc;ng xuất hiện khi người d&ugrave;ng chia sẻ li&ecirc;n kết từ c&aacute;c cơ quan y tế đ&aacute;ng tin cậy như Tổ chức Y tế thế giới.</p>', 'baodongnai', 'http://www.baodongnai.com.vn/', 0, 3, 'Đã xuất bản', '', '2020-08-16 22:33:00', 0, 0),
(23, 'Hải hùng những kiểu ăn kiêng \"kinh dị\" chỉ có trong lịch sử: Từ ăn sán dây tới uống giấm', 11, 23, 4, '2020-08-16 22:26:55', 'Thời xưa, phụ nữ cũng đặc biệt quan tâm tới cân nặng và sẵn sàng áp dụng những phương pháp giảm cân hết sức kinh dị, gây tổn hại sức khỏe nghiêm trọng.', '<p>Từ xa xưa, người Hy Lạp v&agrave; La M&atilde; đ&atilde; ăn ki&ecirc;ng để bảo vệ sức khỏe, thể lực. Nhưng dần về sau n&oacute; bắt đầu trở th&agrave;nh một tr&agrave;o lưu nhiều người theo đuổi.</p>\r\n<p>Louise Foxcroft, nh&agrave; sử học v&agrave; t&aacute;c giả của cuốn s&aacute;ch &ldquo;Calories and Corsets&rdquo; cho biết v&agrave;o thế kỷ 19, c&oacute; rất nhiều những kiểu ăn ki&ecirc;ng với mục đ&iacute;ch ch&iacute;nh để giảm c&acirc;n v&agrave; c&oacute; v&oacute;c d&aacute;ng đẹp hơn l&agrave; ch&uacute; trọng sức khỏe.</p>\r\n<p>Đ&atilde; c&oacute; kh&ocirc;ng &iacute;t những kiểu ăn ki&ecirc;ng hết sức kinh dị v&agrave; thiếu khoa học từng tồn tại trong lịch sử những lại đượcnhiều người &aacute;p dụng d&ugrave; c&oacute; thể g&acirc;y hậu quả nghi&ecirc;m trọng.</p>\r\n<p>Giảm c&acirc;n bằng c&aacute;ch nhai v&agrave; nhổ</p>\r\n<p>V&agrave;o thế kỷ 20, Horace Fletcher l&agrave; người mở đầu cho tr&agrave;o lưu ăn ki&ecirc;ng &ldquo;nhai v&agrave; nhổ&rdquo; để giảm c&acirc;n. Thậm ch&iacute;, người ta c&ograve;n lấy t&ecirc;n của Fletcher để gọi t&ecirc;n cho kiểu ăn ki&ecirc;ng n&agrave;y l&agrave; Fletcherism.</p>\r\n<p>Phương ph&aacute;p Fletcherismtức l&agrave; bạn sẽ nhai thức ăn thật kỹ cho tới khi tất cả những dưỡng chất tốt nhất được chiết xuất ra v&agrave; sau đ&oacute; nhổ phần b&atilde;.</p>\r\n<p><img src=\"https://media.doanhnghiepvn.vn/Images/Uploaded/Share/2020/08/16/Hai-hung-nhung-kieu-an-kieng-kinh-di-chi-co-trong-lich-su-Tu-an-san-day-toi-uong-giam_1.jpg\" alt=\"H&atilde;i h&ugrave;ng những kiểu ăn ki&ecirc;ng &amp;#34;kinh dị&amp;#34; chỉ c&oacute; trong lịch sử: từ ăn s&aacute;n d&acirc;y tới uống giấm - 1\" /></p>\r\n<p class=\"imagecomment\">Ảnh minh họa.</p>\r\n<p>Fletcher cũng m&ocirc; tả rất kĩ việc bạn phải nhai bao nhiều lần với t&ugrave;y từng loại thực phẩm kh&aacute;c nhau. V&iacute; dụ như một c&acirc;y hẹ, bạn phải nhai đủ 700 lần mới c&oacute; thể hấp thụ được hết dinh dưỡng.</p>\r\n<p>Kiểu ăn ki&ecirc;ng n&agrave;y rất phổ biến v&agrave;o thời kỳ đ&oacute; v&agrave; những người theo c&aacute;ch ăn n&agrave;y c&ograve;n tập trung tổ chức một bữa tiệc của những người ăn ki&ecirc;ng &ldquo;nhai v&agrave; nhổ\".</p>\r\n<p>Fletcher thậm ch&iacute; c&ograve;n đề xuất mọi người chỉ n&ecirc;n đi vệ sinh hai tuần một lần v&agrave; khi đ&oacute; chất thải sẽ gần như kh&ocirc;ng c&oacute; m&ugrave;i. &Ocirc;ng thậm ch&iacute; c&ograve;n lấy mẫu chất thải củam&igrave;nh để minh họa cho &ldquo;điều kỳ diệu của ph&eacute;p giảm c&acirc;n&rdquo;.</p>\r\n<p>Ăn s&aacute;n d&acirc;y để giảm bớt c&acirc;n nặng</p>\r\n<p>V&agrave;o những năm 1990, chế độ giảm c&acirc;n bằng c&aacute;ch ăn s&aacute;n d&acirc;y đ&atilde; được quảng c&aacute;o rầm rộ. Thậm ch&iacute; nữ ca sĩ opera Maria Callas c&ograve;n thử phương ph&aacute;p ăn s&aacute;n d&acirc;y để giảm c&acirc;n, mặc d&ugrave; vẫn c&oacute; nhiều người cho rằng đ&oacute; chỉ l&agrave; lời đồn đại.</p>\r\n<p>Những người học theo kiểu ăn ki&ecirc;ng &ldquo;kinh dị&rdquo; n&agrave;y sẽ nuốt u nang s&aacute;n d&acirc;y trong thịt b&ograve; ở dưới dạng vi&ecirc;n như thuốc. Họ cho rằng s&aacute;n d&acirc;y sẽ trưởng th&agrave;nh trong ruột v&agrave; hấp thụ thức ăn. Điều n&agrave;y gi&uacute;p giảm c&acirc;n, chữa ti&ecirc;u chảy v&agrave; n&ocirc;n mửa.</p>\r\n<p>Một khi đạt đến c&acirc;n nặng như mong muốn, họ sẽ uống vi&ecirc;n thuốc chống k&yacute; sinh tr&ugrave;ng để giết chết s&aacute;n d&acirc;y v&agrave; sau đ&oacute; b&agrave;i tiết ra ngo&agrave;i.</p>\r\n<p><img src=\"https://media.doanhnghiepvn.vn/Images/Uploaded/Share/2020/08/16/Hai-hung-nhung-kieu-an-kieng-kinh-di-chi-co-trong-lich-su-Tu-an-san-day-toi-uong-giam_2.jpg\" alt=\"H&atilde;i h&ugrave;ng những kiểu ăn ki&ecirc;ng &amp;#34;kinh dị&amp;#34; chỉ c&oacute; trong lịch sử: từ ăn s&aacute;n d&acirc;y tới uống giấm - 2\" /></p>\r\n<p>C&aacute;ch l&agrave;m n&agrave;y tất nhi&ecirc;n c&oacute; kh&ocirc;ng &iacute;t rủi ro bởi s&aacute;n d&acirc;y c&oacute; thể ph&aacute;t triển với k&iacute;ch thước d&agrave;i tới 9m, g&acirc;y ra nhiều vấn đề sức khỏe như nhức đầu, c&aacute;c bệnh về mắt, vi&ecirc;m m&agrave;ng n&atilde;o, động kinh v&agrave; mất tr&iacute; nhớ.</p>\r\n<p>D&ugrave; nguy hại nhưng trong qu&aacute; khứ, phương ph&aacute;p ăn ki&ecirc;ng n&agrave;y được quảng b&aacute; rất rầm rộ. Tuy nhi&ecirc;n sau đ&oacute; sự b&ugrave;ng nổ của c&aacute;c phương ph&aacute;p giảm c&acirc;n kh&aacute;c đ&atilde; khiến cho c&aacute;ch ăn ki&ecirc;ng nguy hiểm tr&ecirc;n bị l&atilde;ng qu&ecirc;n.</p>\r\n<p>D&ugrave;ng thuốc giảm c&acirc;n chế từ thủy ng&acirc;n</p>\r\n<p>Trong thế kỷ 19, ăn ki&ecirc;ng bằng c&aacute;ch d&ugrave;ng thuốc rất phổ biến. Tuy nhi&ecirc;n những phương thuốc n&agrave;y lại chứa th&agrave;nh phần cực kỳ độc hại đ&oacute; l&agrave; thạch t&iacute;n. Thời điểm đ&oacute;, thạch t&iacute;n vẫn được kiểm so&aacute;t kh&aacute; lỏng lẻov&agrave; dễ d&agrave;ng thu mua để phục vụ cho nhiều mục đ&iacute;ch kh&aacute;c nhau.</p>\r\n<p><img src=\"https://media.doanhnghiepvn.vn/Images/Uploaded/Share/2020/08/16/Hai-hung-nhung-kieu-an-kieng-kinh-di-chi-co-trong-lich-su-Tu-an-san-day-toi-uong-giam_3.jpg\" alt=\"H&atilde;i h&ugrave;ng những kiểu ăn ki&ecirc;ng &amp;#34;kinh dị&amp;#34; chỉ c&oacute; trong lịch sử: từ ăn s&aacute;n d&acirc;y tới uống giấm - 3\" /></p>\r\n<p>Foxcroft chia sẻ:&nbsp;&ldquo;Loại thuốc n&agrave;y được quảng c&aacute;o l&agrave; đẩy nhanh qu&aacute; tr&igrave;nh trao đổi chất, từ đ&oacute; gi&uacute;p giảm c&acirc;n.&rdquo;</p>\r\n<p>Mặc d&ugrave; chỉ c&oacute; một lượng nhỏthạch t&iacute;n trong thuốc nhưng đ&acirc;y l&agrave; chất kịch độc, chỉ một ch&uacute;t cũng cực kỳ nguy hiểm. Thường những người ăn ki&ecirc;ng bằng c&aacute;ch uống thuốc c&oacute; chứa thạch t&iacute;n sẽ uống nhiều hơn liều lượng khuyến c&aacute;o để mong giảm c&acirc;n thật nhanh. Điều n&agrave;y dẫn đến nguy cơ ngộ độc thạch t&iacute;n tăng cao.</p>\r\n<p>Uống giấm để c&oacute; th&acirc;n h&igrave;nh mảnh mai</p>\r\n<p>Lord Byron l&agrave; một trong những h&igrave;nh tượng ti&ecirc;u biểu cho chế độ ăn ki&ecirc;ng giảm c&acirc;n bằng c&aacute;ch uống giấm. V&agrave;o đầu những năm 1800, nh&agrave; thơ n&agrave;y đ&atilde; phổ biến với mọi người về phương ph&aacute;p ăn ki&ecirc;ng gi&uacute;p &ocirc;ng c&oacute; th&acirc;n h&igrave;nh &ldquo;nhỏ nhắn\".</p>\r\n<p>Để l&agrave;m sạch v&agrave; thanh lọc cơ thể, Byronđ&atilde; uống giấm h&agrave;ng ng&agrave;y v&agrave; ăn khoai t&acirc;y ng&acirc;m giấm. Tất nhi&ecirc;n sẽ c&oacute; những t&aacute;c dụng phụ đ&oacute; l&agrave; n&ocirc;n mửa v&agrave; ti&ecirc;u chảy.</p>\r\n<p><img src=\"https://media.doanhnghiepvn.vn/Images/Uploaded/Share/2020/08/16/Hai-hung-nhung-kieu-an-kieng-kinh-di-chi-co-trong-lich-su-Tu-an-san-day-toi-uong-giam_4.jpg\" alt=\"H&atilde;i h&ugrave;ng những kiểu ăn ki&ecirc;ng &amp;#34;kinh dị&amp;#34; chỉ c&oacute; trong lịch sử: từ ăn s&aacute;n d&acirc;y tới uống giấm - 4\" /></p>\r\n<p>Sự ảnh hưởng của Byron đ&atilde; lan truyền tới giới trẻ v&agrave; rất nhiều người học hỏi theo. Những người Rumani đ&atilde; uống giấm như Bryon với hy vọng c&oacute; th&acirc;n h&igrave;nh &ldquo;mỏng manh&rdquo; v&agrave; &ldquo;yếu ớt&rdquo; giốngnh&agrave; thơ.</p>\r\n<p>Hầu hết c&aacute;c c&ocirc; g&aacute;i trẻ đều rất lo lắng về v&oacute;c d&aacute;ng v&agrave; c&acirc;n nặng củabản th&acirc;n khi ấy. Ngay cả nữ ho&agrave;ng Victoria cũng rất lo sợ về c&acirc;n nặng.</p>', 'doanhnghiepvn', 'https://doanhnghiepvn.vn/', 1, 3, 'Đã xuất bản', '', '2020-08-16 22:35:00', 0, 0),
(24, 'Hải Dương thiết lập vùng cách ly y tế quanh khu vực có ca COVID-19', 13, 26, 4, '2020-08-16 22:27:46', 'UBND tỉnh Hải Dương vừa ban hành quyết định thiết lập vùng cách ly y tế tại cụm dân cư để phòng, chống dịch COVID-19.', '<p>Theo đ&oacute;, tỉnh Hải Dương sẽ thiết lập v&ugrave;ng c&aacute;ch ly y tế 28 ng&agrave;y, kể từ 0h ng&agrave;y 17/8 đối với to&agrave;n bộ ng&otilde; số 10, phố Trần Văn Gi&aacute;p (phường Thanh B&igrave;nh, TP Hải Dương); khu phố Mạc Thị Bưởi (thị trấn Nam S&aacute;ch, huyện Nam S&aacute;ch, Hải Dương, b&aacute;n k&iacute;nh 250m t&iacute;nh từ nh&agrave; số 88 Mạc Thị Bưởi).</p>\r\n<p>B&ecirc;n cạnh đ&oacute;, tỉnh Hải Dương cũng thiết lập v&ugrave;ng phong tỏa c&aacute;ch ly y tế tạm thời kể từ 0h ng&agrave;y 17/8 đối với to&agrave;n bộ th&ocirc;n Trực Tr&igrave; (x&atilde; Quốc Tuấn, Nam S&aacute;ch), thời gian phong tỏa chờ đến khi c&oacute; th&ocirc;ng b&aacute;o mới.</p>\r\n<figure class=\"expNoEdit\"><img class=\"lazy loaded\" src=\"https://img.vtcnew.com.vn/resize/th/upload/2020/08/16/thiet-lap-cach-ly-cum-dan-cu-16082689.jpg\" alt=\"Hải Dương thiết lập v&ugrave;ng c&aacute;ch ly y tế quanh khu vực c&oacute; ca COVID-19 - 1\" height=\"337\" data-id=\"1419883\" data-detail=\"1\" data-width=\"660\" data-height=\"470\" data-src=\"https://img.vtcnew.com.vn/resize/th/upload/2020/08/16/thiet-lap-cach-ly-cum-dan-cu-16082689.jpg\" data-index=\"0\" data-was-processed=\"true\" />\r\n<figcaption>\r\n<p class=\"expEdit\">Hiện nay, huyện Nam S&aacute;ch c&oacute; 14 chốt kiểm so&aacute;t dịch COVID-19. (Ảnh: B&aacute;o Hải Dương)</p>\r\n</figcaption>\r\n</figure>\r\n<p>Tổ chức thực hiện c&aacute;ch ly y tế đảm bảo an to&agrave;n ph&ograve;ng, chống dịch COVID-19 theo đ&uacute;ng quy định nhằm ngăn chặn sự l&acirc;y lan của dịch COVID-19 do vi r&uacute;t SARS-CoV-2 g&acirc;y ra.</p>\r\n<p>UBND tỉnh Hải Dương giao UBND TP Hải Dương chủ tr&igrave;, phối hợp với c&aacute;c C&ocirc;ng an tỉnh, Bộ CHQS tỉnh, Sở Giao th&ocirc;ng Vận tải, Sở Y tế tỉnh Hải Dương thiết lập ngay chốt kiểm so&aacute;t v&agrave; thực hiện kiểm so&aacute;t 24/24 giờ to&agrave;n bộ ng&otilde; số 10, phố Trần Văn Gi&aacute;p.</p>\r\n<p>Đồng thời cũng giao UBND huyện Nam S&aacute;ch chủ tr&igrave;, phối hợp với c&aacute;c đơn vị tr&ecirc;n thiết lập ngay chốt kiểm so&aacute;t v&agrave; thực hiện kiểm so&aacute;t 24/24 giờ tại Khu phố Mạc Thị Bưởi v&agrave; th&ocirc;n Trực Tr&igrave;.</p>', 'VTC', 'https://vtc.vn/', 2, 3, 'Đã xuất bản', '', '2020-08-16 22:35:00', 1, 0);

-- --------------------------------------------------------

--
-- Cấu trúc bảng cho bảng `poststatus`
--

CREATE TABLE `poststatus` (
  `PostID` int(11) DEFAULT NULL,
  `Status` int(11) DEFAULT NULL,
  `NameStatus` varchar(200) COLLATE utf8_unicode_ci DEFAULT NULL,
  `Reason` varchar(200) COLLATE utf8_unicode_ci DEFAULT NULL,
  `TimePublic` datetime DEFAULT NULL
) ENGINE=InnoDB DEFAULT CHARSET=utf8 COLLATE=utf8_unicode_ci;

-- --------------------------------------------------------

--
-- Cấu trúc bảng cho bảng `subcategories`
--

CREATE TABLE `subcategories` (
  `SCID` int(11) UNSIGNED NOT NULL,
  `SCName` varchar(50) COLLATE utf8_unicode_ci NOT NULL,
  `CID` int(11) DEFAULT NULL,
  `Del` int(1) DEFAULT '0'
) ENGINE=InnoDB DEFAULT CHARSET=utf8 COLLATE=utf8_unicode_ci;

--
-- Đang đổ dữ liệu cho bảng `subcategories`
--

INSERT INTO `subcategories` (`SCID`, `SCName`, `CID`, `Del`) VALUES
(1, 'Thời sự', 1, 0),
(2, 'Giao thông', 1, 0),
(3, 'Môi trường - Khí hậu', 1, 0),
(4, 'Nghệ thuật', 3, 0),
(5, 'Ẩm thực', 3, 0),
(6, 'Du lịch', 3, 0),
(7, 'Lao động - Việc làm', 4, 0),
(8, 'Tài chính', 4, 0),
(9, 'Chứng khoán', 4, 0),
(10, 'Kinh Doanh', 4, 0),
(11, 'Học bổng - Du lịch', 5, 0),
(12, 'Đào tạo - Thi cử', 5, 0),
(13, 'Bóng đá quốc tế', 6, 0),
(14, 'Bóng đá Việt Nam', 6, 0),
(15, 'Quần vợt', 6, 0),
(16, 'Âm nhạc', 7, 0),
(17, 'Thời trang', 7, 0),
(18, 'Điện ảnh - Truyền hình', 7, 0),
(19, 'An ninh - Trật tự', 8, 0),
(20, 'Hình sự - Dân sự', 8, 0),
(21, 'CNTT - Viễn thông', 9, 0),
(22, 'Thiết bị - Phần cứng', 9, 0),
(23, 'Dinh dưỡng - Làm đẹp', 11, 0),
(24, 'Tình yêu - Hôn nhân', 11, 0),
(25, 'Sức khỏe - Y tế', 11, 0),
(26, 'Quản lý - Quy hoạch', 13, 0),
(27, 'Không gian - Kiến trúc', 13, 0);

-- --------------------------------------------------------

--
-- Cấu trúc bảng cho bảng `users`
--

CREATE TABLE `users` (
  `UserID` int(11) NOT NULL,
  `UserName` varchar(100) COLLATE utf8_unicode_ci NOT NULL,
  `Password_hash` varchar(100) COLLATE utf8_unicode_ci NOT NULL,
  `Phone` varchar(20) COLLATE utf8_unicode_ci NOT NULL,
  `Email` varchar(50) COLLATE utf8_unicode_ci NOT NULL,
  `Fullname` varchar(150) COLLATE utf8_unicode_ci DEFAULT NULL,
  `Address` varchar(200) COLLATE utf8_unicode_ci DEFAULT NULL,
  `DayOfBirth` date DEFAULT NULL,
  `HSD` int(11) DEFAULT '0',
  `Permission` int(1) NOT NULL DEFAULT '0',
  `Del` int(1) NOT NULL DEFAULT '0',
  `tien` float NOT NULL DEFAULT '0',
  `Premium` int(11) NOT NULL DEFAULT '0',
  `NgayDKPremium` datetime DEFAULT NULL,
  `NgayHHPremium` datetime DEFAULT NULL
) ENGINE=InnoDB DEFAULT CHARSET=utf8 COLLATE=utf8_unicode_ci;

--
-- Đang đổ dữ liệu cho bảng `users`
--

INSERT INTO `users` (`UserID`, `UserName`, `Password_hash`, `Phone`, `Email`, `Fullname`, `Address`, `DayOfBirth`, `HSD`, `Permission`, `Del`, `tien`, `Premium`, `NgayDKPremium`, `NgayHHPremium`) VALUES
(1, 'admin', '$2a$08$hijjmPf.vEwLRWlLB6vReOxMEt23ukRGmcUW3XPTnXyoQg/k3hkgS', '0335148544', 'quoctan342@gmail.com', 'Trần Quốc Tân', 'Bình Thuận', '1999-08-05', 7, 3, 0, 30000, 1, '2020-08-17 00:40:26', '2020-08-24 00:40:26'),
(2, 'quoctan342', '$2a$08$7nttUvlyGpDDRfdpjkvxMewI9BkxPx372wtwfJVfiq4bWqwmYKL3O', '0928037610', 'teetrangtreo@gmail.com', 'Trần Quốc Tân', 'Quận 7 ', '2222-02-22', 0, 2, 0, 0, 0, NULL, NULL),
(3, 'teeseven', '$2a$08$XEq753kC874SoldqhNZ75.9EXG6MeH2pDllIkACunOJEBin8cOQXe', '03351485442', 'tetetet@gmail.com', 'Trần Quốc Tân', 'teeseventeeseventeeseventeeseventeeseven', '0222-02-22', 0, 1, 0, 0, 0, NULL, NULL),
(4, 'teephongvien', '$2a$08$F4fq/xFJtPT46V4iX0Qv1.w2LCvx5x1UnBJrPbWzSwN1oBzNUKRVq', '03351485441', 'teephongvien@gmail.com', 'Trần Quốc Tân', 'Binh Thuan', '1999-08-05', 7, 1, 0, 0, 1, '2020-08-17 00:36:14', '2020-08-24 00:36:14'),
(5, 'teebientap', '$2a$08$bPus1ZbBJaGrLS57j92F7uSbKDsOyOeyXgqlr6IzBw0FwEsaAZBam', '033514854421', 'teebientap@gmail.com', 'Tran Quoc Tan', 'Binh Thuan', '1999-08-05', 0, 2, 0, 0, 0, NULL, NULL);

--
-- Chỉ mục cho các bảng đã đổ
--

--
-- Chỉ mục cho bảng `categories`
--
ALTER TABLE `categories`
  ADD PRIMARY KEY (`CID`);

--
-- Chỉ mục cho bảng `comment`
--
ALTER TABLE `comment`
  ADD PRIMARY KEY (`ComID`);

--
-- Chỉ mục cho bảng `commentlike`
--
ALTER TABLE `commentlike`
  ADD PRIMARY KEY (`CLID`);

--
-- Chỉ mục cho bảng `posts`
--
ALTER TABLE `posts`
  ADD PRIMARY KEY (`PostID`);

--
-- Chỉ mục cho bảng `subcategories`
--
ALTER TABLE `subcategories`
  ADD PRIMARY KEY (`SCID`);

--
-- Chỉ mục cho bảng `users`
--
ALTER TABLE `users`
  ADD PRIMARY KEY (`UserID`);

--
-- AUTO_INCREMENT cho các bảng đã đổ
--

--
-- AUTO_INCREMENT cho bảng `categories`
--
ALTER TABLE `categories`
  MODIFY `CID` int(11) UNSIGNED NOT NULL AUTO_INCREMENT, AUTO_INCREMENT=15;

--
-- AUTO_INCREMENT cho bảng `comment`
--
ALTER TABLE `comment`
  MODIFY `ComID` int(11) NOT NULL AUTO_INCREMENT, AUTO_INCREMENT=4;

--
-- AUTO_INCREMENT cho bảng `commentlike`
--
ALTER TABLE `commentlike`
  MODIFY `CLID` int(11) NOT NULL AUTO_INCREMENT;

--
-- AUTO_INCREMENT cho bảng `posts`
--
ALTER TABLE `posts`
  MODIFY `PostID` int(11) NOT NULL AUTO_INCREMENT, AUTO_INCREMENT=25;

--
-- AUTO_INCREMENT cho bảng `subcategories`
--
ALTER TABLE `subcategories`
  MODIFY `SCID` int(11) UNSIGNED NOT NULL AUTO_INCREMENT, AUTO_INCREMENT=34;

--
-- AUTO_INCREMENT cho bảng `users`
--
ALTER TABLE `users`
  MODIFY `UserID` int(11) NOT NULL AUTO_INCREMENT, AUTO_INCREMENT=8;
COMMIT;

/*!40101 SET CHARACTER_SET_CLIENT=@OLD_CHARACTER_SET_CLIENT */;
/*!40101 SET CHARACTER_SET_RESULTS=@OLD_CHARACTER_SET_RESULTS */;
/*!40101 SET COLLATION_CONNECTION=@OLD_COLLATION_CONNECTION */;
